date,company,channel,audience_segment,creative_type,device,impression,clicked,visited,converted,spend,revenue,unit_margin_rate,is_synthetic
2025-10-01,義大開發,Meta,新客探索,短影音,mobile,1,0,0,0,5.76,0.0,0.42,True
2025-10-02,義大開發,Google,新客探索,短影音,mobile,1,0,0,0,6.0,0.0,0.42,True
2025-10-03,義大開發,LINE,新客探索,短影音,mobile,1,0,0,0,3.81,0.0,0.42,True
2025-10-04,義大開發,Email,新客探索,短影音,mobile,1,0,0,0,1.19,0.0,0.42,True
2025-10-05,義大開發,YouTube,新客探索,短影音,mobile,1,1,1,0,4.46,0.0,0.42,True
2025-10-06,義大開發,Meta,高意圖,短影音,mobile,1,0,0,0,4.75,0.0,0.42,True
2025-10-07,義大開發,Google,高意圖,短影音,mobile,1,0,0,0,6.4,0.0,0.42,True
2025-10-08,義大開發,LINE,高意圖,短影音,mobile,1,0,0,0,3.86,0.0,0.42,True
2025-10-09,義大開發,Email,高意圖,短影音,mobile,1,0,0,0,1.25,0.0,0.42,True
2025-10-10,義大開發,YouTube,高意圖,短影音,mobile,1,1,0,0,5.03,0.0,0.42,True
2025-10-11,義大開發,Meta,既有會員,短影音,mobile,1,1,1,0,4.56,0.0,0.42,True
2025-10-12,義大開發,Google,既有會員,短影音,desktop,1,0,0,0,6.38,0.0,0.42,True
2025-10-13,義大開發,LINE,既有會員,短影音,desktop,1,0,0,0,3.61,0.0,0.42,True
2025-10-14,義大開發,Email,既有會員,短影音,mobile,1,0,0,0,1.1,0.0,0.42,True
2025-10-15,義大開發,YouTube,既有會員,短影音,mobile,1,0,0,0,6.57,0.0,0.42,True
2025-10-16,義大開發,Meta,親子家庭,短影音,mobile,1,0,0,0,4.96,0.0,0.42,True
2025-10-17,義大開發,Google,親子家庭,短影音,mobile,1,0,0,0,7.87,0.0,0.42,True
2025-10-18,義大開發,LINE,親子家庭,短影音,mobile,1,1,1,0,3.1,0.0,0.42,True
2025-10-19,義大開發,Email,親子家庭,短影音,mobile,1,0,0,0,0.99,0.0,0.42,True
2025-10-20,義大開發,YouTube,親子家庭,短影音,desktop,1,0,0,0,5.02,0.0,0.42,True
2025-10-21,義大開發,Meta,年輕族群,短影音,mobile,1,0,0,0,5.66,0.0,0.42,True
2025-10-22,義大開發,Google,年輕族群,短影音,mobile,1,0,0,0,7.03,0.0,0.42,True
2025-10-23,義大開發,LINE,年輕族群,短影音,mobile,1,0,0,0,3.45,0.0,0.42,True
2025-10-24,義大開發,Email,年輕族群,短影音,mobile,1,0,0,0,1.43,0.0,0.42,True
2025-10-25,義大開發,YouTube,年輕族群,短影音,mobile,1,0,0,0,5.48,0.0,0.42,True
2025-10-26,義大開發,Meta,新客探索,情境圖文,mobile,1,0,0,0,4.53,0.0,0.42,True
2025-10-27,義大開發,Google,新客探索,情境圖文,mobile,1,1,0,0,5.98,0.0,0.42,True
2025-10-28,義大開發,LINE,新客探索,情境圖文,mobile,1,0,0,0,3.96,0.0,0.42,True
2025-10-29,義大開發,Email,新客探索,情境圖文,mobile,1,0,0,0,1.12,0.0,0.42,True
2025-10-30,義大開發,YouTube,新客探索,情境圖文,mobile,1,0,0,0,6.01,0.0,0.42,True
2025-10-31,義大開發,Meta,高意圖,情境圖文,desktop,1,0,0,0,3.97,0.0,0.42,True
2025-11-01,義大開發,Google,高意圖,情境圖文,mobile,1,0,0,0,5.83,0.0,0.42,True
2025-11-02,義大開發,LINE,高意圖,情境圖文,mobile,1,0,0,0,4.01,0.0,0.42,True
2025-11-03,義大開發,Email,高意圖,情境圖文,desktop,1,0,0,0,1.16,0.0,0.42,True
2025-11-04,義大開發,YouTube,高意圖,情境圖文,mobile,1,0,0,0,5.93,0.0,0.42,True
2025-11-05,義大開發,Meta,既有會員,情境圖文,mobile,1,0,0,0,4.08,0.0,0.42,True
2025-11-06,義大開發,Google,既有會員,情境圖文,mobile,1,0,0,0,8.34,0.0,0.42,True
2025-11-07,義大開發,LINE,既有會員,情境圖文,mobile,1,0,0,0,4.31,0.0,0.42,True
2025-11-08,義大開發,Email,既有會員,情境圖文,mobile,1,0,0,0,1.3,0.0,0.42,True
2025-11-09,義大開發,YouTube,既有會員,情境圖文,desktop,1,1,1,0,5.57,0.0,0.42,True
2025-11-10,義大開發,Meta,親子家庭,情境圖文,desktop,1,0,0,0,5.31,0.0,0.42,True
2025-11-11,義大開發,Google,親子家庭,情境圖文,mobile,1,0,0,0,7.21,0.0,0.42,True
2025-11-12,義大開發,LINE,親子家庭,情境圖文,mobile,1,0,0,0,3.46,0.0,0.42,True
2025-11-13,義大開發,Email,親子家庭,情境圖文,mobile,1,0,0,0,1.15,0.0,0.42,True
2025-11-14,義大開發,YouTube,親子家庭,情境圖文,mobile,1,0,0,0,4.54,0.0,0.42,True
2025-11-15,義大開發,Meta,年輕族群,情境圖文,mobile,1,0,0,0,3.92,0.0,0.42,True
2025-11-16,義大開發,Google,年輕族群,情境圖文,mobile,1,0,0,0,6.78,0.0,0.42,True
2025-11-17,義大開發,LINE,年輕族群,情境圖文,mobile,1,0,0,0,3.06,0.0,0.42,True
2025-11-18,義大開發,Email,年輕族群,情境圖文,mobile,1,0,0,0,1.37,0.0,0.42,True
2025-11-19,義大開發,YouTube,年輕族群,情境圖文,mobile,1,0,0,0,5.55,0.0,0.42,True
2025-11-20,義大開發,Meta,新客探索,優惠訊息,mobile,1,0,0,0,5.25,0.0,0.42,True
2025-11-21,義大開發,Google,新客探索,優惠訊息,mobile,1,0,0,0,7.5,0.0,0.42,True
2025-11-22,義大開發,LINE,新客探索,優惠訊息,mobile,1,0,0,0,3.32,0.0,0.42,True
2025-11-23,義大開發,Email,新客探索,優惠訊息,desktop,1,0,0,0,0.98,0.0,0.42,True
2025-11-24,義大開發,YouTube,新客探索,優惠訊息,mobile,1,0,0,0,5.87,0.0,0.42,True
2025-11-25,義大開發,Meta,高意圖,優惠訊息,mobile,1,0,0,0,5.25,0.0,0.42,True
2025-11-26,義大開發,Google,高意圖,優惠訊息,mobile,1,0,0,0,6.39,0.0,0.42,True
2025-11-27,義大開發,LINE,高意圖,優惠訊息,desktop,1,0,0,0,2.88,0.0,0.42,True
2025-11-28,義大開發,Email,高意圖,優惠訊息,mobile,1,0,0,0,1.02,0.0,0.42,True
2025-11-29,義大開發,YouTube,高意圖,優惠訊息,mobile,1,0,0,0,5.77,0.0,0.42,True
2025-11-30,義大開發,Meta,既有會員,優惠訊息,mobile,1,0,0,0,5.14,0.0,0.42,True
2025-12-01,義大開發,Google,既有會員,優惠訊息,desktop,1,0,0,0,5.83,0.0,0.42,True
2025-12-02,義大開發,LINE,既有會員,優惠訊息,mobile,1,0,0,0,3.98,0.0,0.42,True
2025-12-03,義大開發,Email,既有會員,優惠訊息,mobile,1,0,0,0,1.29,0.0,0.42,True
2025-12-04,義大開發,YouTube,既有會員,優惠訊息,mobile,1,0,0,0,4.66,0.0,0.42,True
2025-12-05,義大開發,Meta,親子家庭,優惠訊息,mobile,1,0,0,0,5.43,0.0,0.42,True
2025-12-06,義大開發,Google,親子家庭,優惠訊息,mobile,1,0,0,0,7.25,0.0,0.42,True
2025-12-07,義大開發,LINE,親子家庭,優惠訊息,mobile,1,0,0,0,3.9,0.0,0.42,True
2025-12-08,義大開發,Email,親子家庭,優惠訊息,mobile,1,0,0,0,1.36,0.0,0.42,True
2025-12-09,義大開發,YouTube,親子家庭,優惠訊息,desktop,1,0,0,0,4.72,0.0,0.42,True
2025-12-10,義大開發,Meta,年輕族群,優惠訊息,mobile,1,0,0,0,4.62,0.0,0.42,True
2025-12-11,義大開發,Google,年輕族群,優惠訊息,mobile,1,0,0,0,5.83,0.0,0.42,True
2025-12-12,義大開發,LINE,年輕族群,優惠訊息,desktop,1,0,0,0,3.11,0.0,0.42,True
2025-12-13,義大開發,Email,年輕族群,優惠訊息,desktop,1,0,0,0,1.23,0.0,0.42,True
2025-12-14,義大開發,YouTube,年輕族群,優惠訊息,mobile,1,0,0,0,6.47,0.0,0.42,True
2025-12-15,義大開發,Meta,新客探索,知識內容,mobile,1,0,0,0,5.46,0.0,0.42,True
2025-12-16,義大開發,Google,新客探索,知識內容,mobile,1,0,0,0,6.23,0.0,0.42,True
2025-12-17,義大開發,LINE,新客探索,知識內容,mobile,1,0,0,0,2.97,0.0,0.42,True
2025-12-18,義大開發,Email,新客探索,知識內容,desktop,1,0,0,0,1.17,0.0,0.42,True
2025-12-19,義大開發,YouTube,新客探索,知識內容,mobile,1,0,0,0,5.64,0.0,0.42,True
2025-12-20,義大開發,Meta,高意圖,知識內容,mobile,1,0,0,0,4.73,0.0,0.42,True
2025-12-21,義大開發,Google,高意圖,知識內容,mobile,1,0,0,0,7.93,0.0,0.42,True
2025-12-22,義大開發,LINE,高意圖,知識內容,mobile,1,0,0,0,2.95,0.0,0.42,True
2025-12-23,義大開發,Email,高意圖,知識內容,desktop,1,0,0,0,1.17,0.0,0.42,True
2025-12-24,義大開發,YouTube,高意圖,知識內容,mobile,1,0,0,0,6.1,0.0,0.42,True
2025-12-25,義大開發,Meta,既有會員,知識內容,mobile,1,1,1,0,5.48,0.0,0.42,True
2025-12-26,義大開發,Google,既有會員,知識內容,mobile,1,0,0,0,7.52,0.0,0.42,True
2025-12-27,義大開發,LINE,既有會員,知識內容,mobile,1,1,1,0,4.27,0.0,0.42,True
2025-12-28,義大開發,Email,既有會員,知識內容,mobile,1,0,0,0,1.42,0.0,0.42,True
2025-12-29,義大開發,YouTube,既有會員,知識內容,mobile,1,0,0,0,4.95,0.0,0.42,True
2025-10-01,義大開發,Meta,親子家庭,知識內容,mobile,1,0,0,0,4.69,0.0,0.42,True
2025-10-02,義大開發,Google,親子家庭,知識內容,desktop,1,0,0,0,7.23,0.0,0.42,True
2025-10-03,義大開發,LINE,親子家庭,知識內容,mobile,1,0,0,0,3.39,0.0,0.42,True
2025-10-04,義大開發,Email,親子家庭,知識內容,mobile,1,0,0,0,1.26,0.0,0.42,True
2025-10-05,義大開發,YouTube,親子家庭,知識內容,desktop,1,0,0,0,4.96,0.0,0.42,True
2025-10-06,義大開發,Meta,年輕族群,知識內容,mobile,1,0,0,0,5.26,0.0,0.42,True
2025-10-07,義大開發,Google,年輕族群,知識內容,mobile,1,0,0,0,6.96,0.0,0.42,True
2025-10-08,義大開發,LINE,年輕族群,知識內容,mobile,1,0,0,0,3.91,0.0,0.42,True
2025-10-09,義大開發,Email,年輕族群,知識內容,mobile,1,1,0,0,1.17,0.0,0.42,True
2025-10-10,義大開發,YouTube,年輕族群,知識內容,desktop,1,0,0,0,5.24,0.0,0.42,True
2025-10-11,義大開發,Meta,新客探索,短影音,mobile,1,0,0,0,4.52,0.0,0.42,True
2025-10-12,義大開發,Google,新客探索,短影音,mobile,1,0,0,0,7.72,0.0,0.42,True
2025-10-13,義大開發,LINE,新客探索,短影音,mobile,1,1,0,0,3.66,0.0,0.42,True
2025-10-14,義大開發,Email,新客探索,短影音,mobile,1,1,1,0,1.14,0.0,0.42,True
2025-10-15,義大開發,YouTube,新客探索,短影音,mobile,1,0,0,0,4.85,0.0,0.42,True
2025-10-16,義大開發,Meta,高意圖,短影音,mobile,1,1,1,0,5.14,0.0,0.42,True
2025-10-17,義大開發,Google,高意圖,短影音,mobile,1,0,0,0,7.79,0.0,0.42,True
2025-10-18,義大開發,LINE,高意圖,短影音,mobile,1,1,1,0,3.37,0.0,0.42,True
2025-10-19,義大開發,Email,高意圖,短影音,mobile,1,1,1,0,1.31,0.0,0.42,True
2025-10-20,義大開發,YouTube,高意圖,短影音,mobile,1,0,0,0,5.5,0.0,0.42,True
2025-10-21,義大開發,Meta,既有會員,短影音,desktop,1,0,0,0,4.58,0.0,0.42,True
2025-10-22,義大開發,Google,既有會員,短影音,mobile,1,0,0,0,7.87,0.0,0.42,True
2025-10-23,義大開發,LINE,既有會員,短影音,mobile,1,0,0,0,4.21,0.0,0.42,True
2025-10-24,義大開發,Email,既有會員,短影音,desktop,1,1,0,0,1.41,0.0,0.42,True
2025-10-25,義大開發,YouTube,既有會員,短影音,desktop,1,0,0,0,4.86,0.0,0.42,True
2025-10-26,義大開發,Meta,親子家庭,短影音,mobile,1,0,0,0,4.35,0.0,0.42,True
2025-10-27,義大開發,Google,親子家庭,短影音,mobile,1,0,0,0,6.86,0.0,0.42,True
2025-10-28,義大開發,LINE,親子家庭,短影音,desktop,1,0,0,0,3.07,0.0,0.42,True
2025-10-29,義大開發,Email,親子家庭,短影音,mobile,1,0,0,0,1.29,0.0,0.42,True
2025-10-30,義大開發,YouTube,親子家庭,短影音,mobile,1,0,0,0,5.01,0.0,0.42,True
2025-10-31,義大開發,Meta,年輕族群,短影音,mobile,1,0,0,0,5.34,0.0,0.42,True
2025-11-01,義大開發,Google,年輕族群,短影音,mobile,1,0,0,0,8.5,0.0,0.42,True
2025-11-02,義大開發,LINE,年輕族群,短影音,mobile,1,1,1,0,2.96,0.0,0.42,True
2025-11-03,義大開發,Email,年輕族群,短影音,mobile,1,1,1,0,1.18,0.0,0.42,True
2025-11-04,義大開發,YouTube,年輕族群,短影音,mobile,1,0,0,0,6.26,0.0,0.42,True
2025-11-05,義大開發,Meta,新客探索,情境圖文,mobile,1,1,0,0,4.47,0.0,0.42,True
2025-11-06,義大開發,Google,新客探索,情境圖文,desktop,1,0,0,0,6.21,0.0,0.42,True
2025-11-07,義大開發,LINE,新客探索,情境圖文,desktop,1,0,0,0,3.81,0.0,0.42,True
2025-11-08,義大開發,Email,新客探索,情境圖文,mobile,1,0,0,0,1.04,0.0,0.42,True
2025-11-09,義大開發,YouTube,新客探索,情境圖文,mobile,1,0,0,0,4.64,0.0,0.42,True
2025-11-10,義大開發,Meta,高意圖,情境圖文,mobile,1,0,0,0,5.54,0.0,0.42,True
2025-11-11,義大開發,Google,高意圖,情境圖文,mobile,1,0,0,0,8.33,0.0,0.42,True
2025-11-12,義大開發,LINE,高意圖,情境圖文,mobile,1,0,0,0,4.18,0.0,0.42,True
2025-11-13,義大開發,Email,高意圖,情境圖文,mobile,1,0,0,0,1.07,0.0,0.42,True
2025-11-14,義大開發,YouTube,高意圖,情境圖文,mobile,1,0,0,0,6.49,0.0,0.42,True
2025-11-15,義大開發,Meta,既有會員,情境圖文,mobile,1,0,0,0,5.13,0.0,0.42,True
2025-11-16,義大開發,Google,既有會員,情境圖文,mobile,1,0,0,0,7.26,0.0,0.42,True
2025-11-17,義大開發,LINE,既有會員,情境圖文,mobile,1,0,0,0,3.16,0.0,0.42,True
2025-11-18,義大開發,Email,既有會員,情境圖文,mobile,1,0,0,0,1.19,0.0,0.42,True
2025-11-19,義大開發,YouTube,既有會員,情境圖文,mobile,1,1,1,0,6.11,0.0,0.42,True
2025-11-20,義大開發,Meta,親子家庭,情境圖文,mobile,1,0,0,0,5.6,0.0,0.42,True
2025-11-21,義大開發,Google,親子家庭,情境圖文,desktop,1,0,0,0,5.89,0.0,0.42,True
2025-11-22,義大開發,LINE,親子家庭,情境圖文,mobile,1,0,0,0,4.05,0.0,0.42,True
2025-11-23,義大開發,Email,親子家庭,情境圖文,mobile,1,0,0,0,1.29,0.0,0.42,True
2025-11-24,義大開發,YouTube,親子家庭,情境圖文,desktop,1,0,0,0,4.82,0.0,0.42,True
2025-11-25,義大開發,Meta,年輕族群,情境圖文,mobile,1,0,0,0,5.6,0.0,0.42,True
2025-11-26,義大開發,Google,年輕族群,情境圖文,mobile,1,0,0,0,6.71,0.0,0.42,True
2025-11-27,義大開發,LINE,年輕族群,情境圖文,mobile,1,0,0,0,4.17,0.0,0.42,True
2025-11-28,義大開發,Email,年輕族群,情境圖文,mobile,1,0,0,0,0.97,0.0,0.42,True
2025-11-29,義大開發,YouTube,年輕族群,情境圖文,desktop,1,0,0,0,6.54,0.0,0.42,True
2025-11-30,義大開發,Meta,新客探索,優惠訊息,desktop,1,1,1,0,4.25,0.0,0.42,True
2025-12-01,義大開發,Google,新客探索,優惠訊息,mobile,1,1,1,0,7.92,0.0,0.42,True
2025-12-02,義大開發,LINE,新客探索,優惠訊息,desktop,1,0,0,0,3.03,0.0,0.42,True
2025-12-03,義大開發,Email,新客探索,優惠訊息,desktop,1,0,0,0,1.01,0.0,0.42,True
2025-12-04,義大開發,YouTube,新客探索,優惠訊息,desktop,1,0,0,0,5.05,0.0,0.42,True
2025-12-05,義大開發,Meta,高意圖,優惠訊息,mobile,1,1,1,0,4.3,0.0,0.42,True
2025-12-06,義大開發,Google,高意圖,優惠訊息,mobile,1,0,0,0,6.69,0.0,0.42,True
2025-12-07,義大開發,LINE,高意圖,優惠訊息,mobile,1,0,0,0,3.14,0.0,0.42,True
2025-12-08,義大開發,Email,高意圖,優惠訊息,mobile,1,0,0,0,1.14,0.0,0.42,True
2025-12-09,義大開發,YouTube,高意圖,優惠訊息,mobile,1,0,0,0,4.42,0.0,0.42,True
2025-12-10,義大開發,Meta,既有會員,優惠訊息,mobile,1,0,0,0,4.61,0.0,0.42,True
2025-12-11,義大開發,Google,既有會員,優惠訊息,desktop,1,0,0,0,7.84,0.0,0.42,True
2025-12-12,義大開發,LINE,既有會員,優惠訊息,desktop,1,0,0,0,4.2,0.0,0.42,True
2025-12-13,義大開發,Email,既有會員,優惠訊息,mobile,1,0,0,0,1.39,0.0,0.42,True
2025-12-14,義大開發,YouTube,既有會員,優惠訊息,mobile,1,0,0,0,5.39,0.0,0.42,True
2025-12-15,義大開發,Meta,親子家庭,優惠訊息,mobile,1,0,0,0,4.95,0.0,0.42,True
2025-12-16,義大開發,Google,親子家庭,優惠訊息,mobile,1,0,0,0,7.81,0.0,0.42,True
2025-12-17,義大開發,LINE,親子家庭,優惠訊息,mobile,1,0,0,0,3.45,0.0,0.42,True
2025-12-18,義大開發,Email,親子家庭,優惠訊息,mobile,1,0,0,0,1.0,0.0,0.42,True
2025-12-19,義大開發,YouTube,親子家庭,優惠訊息,mobile,1,0,0,0,5.37,0.0,0.42,True
2025-12-20,義大開發,Meta,年輕族群,優惠訊息,mobile,1,1,0,0,4.93,0.0,0.42,True
2025-12-21,義大開發,Google,年輕族群,優惠訊息,desktop,1,0,0,0,7.4,0.0,0.42,True
2025-12-22,義大開發,LINE,年輕族群,優惠訊息,desktop,1,0,0,0,3.83,0.0,0.42,True
2025-12-23,義大開發,Email,年輕族群,優惠訊息,mobile,1,0,0,0,1.05,0.0,0.42,True
2025-12-24,義大開發,YouTube,年輕族群,優惠訊息,mobile,1,0,0,0,4.94,0.0,0.42,True
2025-12-25,義大開發,Meta,新客探索,知識內容,desktop,1,0,0,0,4.51,0.0,0.42,True
2025-12-26,義大開發,Google,新客探索,知識內容,mobile,1,0,0,0,7.64,0.0,0.42,True
2025-12-27,義大開發,LINE,新客探索,知識內容,mobile,1,0,0,0,4.07,0.0,0.42,True
2025-12-28,義大開發,Email,新客探索,知識內容,mobile,1,0,0,0,1.26,0.0,0.42,True
2025-12-29,義大開發,YouTube,新客探索,知識內容,mobile,1,0,0,0,5.51,0.0,0.42,True
2025-10-01,義大開發,Meta,高意圖,知識內容,desktop,1,0,0,0,4.73,0.0,0.42,True
2025-10-02,義大開發,Google,高意圖,知識內容,mobile,1,0,0,0,6.17,0.0,0.42,True
2025-10-03,義大開發,LINE,高意圖,知識內容,mobile,1,0,0,0,4.17,0.0,0.42,True
2025-10-04,義大開發,Email,高意圖,知識內容,mobile,1,0,0,0,1.02,0.0,0.42,True
2025-10-05,義大開發,YouTube,高意圖,知識內容,mobile,1,0,0,0,4.75,0.0,0.42,True
2025-10-06,義大開發,Meta,既有會員,知識內容,mobile,1,0,0,0,4.57,0.0,0.42,True
2025-10-07,義大開發,Google,既有會員,知識內容,mobile,1,0,0,0,5.81,0.0,0.42,True
2025-10-08,義大開發,LINE,既有會員,知識內容,mobile,1,1,0,0,2.94,0.0,0.42,True
2025-10-09,義大開發,Email,既有會員,知識內容,mobile,1,1,0,0,1.02,0.0,0.42,True
2025-10-10,義大開發,YouTube,既有會員,知識內容,mobile,1,0,0,0,4.4,0.0,0.42,True
2025-10-11,義大開發,Meta,親子家庭,知識內容,mobile,1,0,0,0,4.44,0.0,0.42,True
2025-10-12,義大開發,Google,親子家庭,知識內容,mobile,1,0,0,0,6.05,0.0,0.42,True
2025-10-13,義大開發,LINE,親子家庭,知識內容,mobile,1,0,0,0,3.62,0.0,0.42,True
2025-10-14,義大開發,Email,親子家庭,知識內容,mobile,1,0,0,0,0.98,0.0,0.42,True
2025-10-15,義大開發,YouTube,親子家庭,知識內容,mobile,1,0,0,0,5.24,0.0,0.42,True
2025-10-16,義大開發,Meta,年輕族群,知識內容,mobile,1,0,0,0,5.43,0.0,0.42,True
2025-10-17,義大開發,Google,年輕族群,知識內容,mobile,1,0,0,0,6.34,0.0,0.42,True
2025-10-18,義大開發,LINE,年輕族群,知識內容,mobile,1,0,0,0,4.06,0.0,0.42,True
2025-10-19,義大開發,Email,年輕族群,知識內容,mobile,1,0,0,0,1.25,0.0,0.42,True
2025-10-20,義大開發,YouTube,年輕族群,知識內容,mobile,1,0,0,0,6.12,0.0,0.42,True
2025-10-21,義大開發,Meta,新客探索,短影音,mobile,1,0,0,0,4.35,0.0,0.42,True
2025-10-22,義大開發,Google,新客探索,短影音,mobile,1,0,0,0,6.88,0.0,0.42,True
2025-10-23,義大開發,LINE,新客探索,短影音,mobile,1,0,0,0,3.9,0.0,0.42,True
2025-10-24,義大開發,Email,新客探索,短影音,mobile,1,0,0,0,1.18,0.0,0.42,True
2025-10-25,義大開發,YouTube,新客探索,短影音,mobile,1,0,0,0,5.5,0.0,0.42,True
2025-10-26,義大開發,Meta,高意圖,短影音,mobile,1,0,0,0,4.44,0.0,0.42,True
2025-10-27,義大開發,Google,高意圖,短影音,mobile,1,1,1,0,8.38,0.0,0.42,True
2025-10-28,義大開發,LINE,高意圖,短影音,mobile,1,1,0,0,3.88,0.0,0.42,True
2025-10-29,義大開發,Email,高意圖,短影音,mobile,1,0,0,0,1.32,0.0,0.42,True
2025-10-30,義大開發,YouTube,高意圖,短影音,desktop,1,0,0,0,5.35,0.0,0.42,True
2025-10-31,義大開發,Meta,既有會員,短影音,desktop,1,0,0,0,4.61,0.0,0.42,True
2025-11-01,義大開發,Google,既有會員,短影音,mobile,1,0,0,0,6.62,0.0,0.42,True
2025-11-02,義大開發,LINE,既有會員,短影音,desktop,1,0,0,0,2.89,0.0,0.42,True
2025-11-03,義大開發,Email,既有會員,短影音,mobile,1,0,0,0,1.15,0.0,0.42,True
2025-11-04,義大開發,YouTube,既有會員,短影音,mobile,1,0,0,0,4.71,0.0,0.42,True
2025-11-05,義大開發,Meta,親子家庭,短影音,mobile,1,1,1,0,4.81,0.0,0.42,True
2025-11-06,義大開發,Google,親子家庭,短影音,mobile,1,1,1,0,6.63,0.0,0.42,True
2025-11-07,義大開發,LINE,親子家庭,短影音,mobile,1,0,0,0,3.81,0.0,0.42,True
2025-11-08,義大開發,Email,親子家庭,短影音,desktop,1,0,0,0,1.25,0.0,0.42,True
2025-11-09,義大開發,YouTube,親子家庭,短影音,mobile,1,0,0,0,5.23,0.0,0.42,True
2025-11-10,義大開發,Meta,年輕族群,短影音,mobile,1,0,0,0,4.2,0.0,0.42,True
2025-11-11,義大開發,Google,年輕族群,短影音,mobile,1,0,0,0,6.32,0.0,0.42,True
2025-11-12,義大開發,LINE,年輕族群,短影音,mobile,1,0,0,0,3.15,0.0,0.42,True
2025-11-13,義大開發,Email,年輕族群,短影音,mobile,1,0,0,0,1.21,0.0,0.42,True
2025-11-14,義大開發,YouTube,年輕族群,短影音,mobile,1,0,0,0,5.49,0.0,0.42,True
2025-11-15,義大開發,Meta,新客探索,情境圖文,mobile,1,0,0,0,5.33,0.0,0.42,True
2025-11-16,義大開發,Google,新客探索,情境圖文,mobile,1,1,1,0,8.56,0.0,0.42,True
2025-11-17,義大開發,LINE,新客探索,情境圖文,mobile,1,0,0,0,3.33,0.0,0.42,True
2025-11-18,義大開發,Email,新客探索,情境圖文,desktop,1,0,0,0,1.09,0.0,0.42,True
2025-11-19,義大開發,YouTube,新客探索,情境圖文,mobile,1,0,0,0,4.88,0.0,0.42,True
2025-11-20,義大開發,Meta,高意圖,情境圖文,mobile,1,0,0,0,5.27,0.0,0.42,True
2025-11-21,義大開發,Google,高意圖,情境圖文,mobile,1,0,0,0,6.01,0.0,0.42,True
2025-11-22,義大開發,LINE,高意圖,情境圖文,mobile,1,0,0,0,3.95,0.0,0.42,True
2025-11-23,義大開發,Email,高意圖,情境圖文,mobile,1,1,1,0,0.99,0.0,0.42,True
2025-11-24,義大開發,YouTube,高意圖,情境圖文,desktop,1,0,0,0,4.75,0.0,0.42,True
2025-11-25,義大開發,Meta,既有會員,情境圖文,mobile,1,0,0,0,4.1,0.0,0.42,True
2025-11-26,義大開發,Google,既有會員,情境圖文,desktop,1,0,0,0,6.9,0.0,0.42,True
2025-11-27,義大開發,LINE,既有會員,情境圖文,mobile,1,0,0,0,4.0,0.0,0.42,True
2025-11-28,義大開發,Email,既有會員,情境圖文,desktop,1,0,0,0,1.3,0.0,0.42,True
2025-11-29,義大開發,YouTube,既有會員,情境圖文,mobile,1,0,0,0,6.55,0.0,0.42,True
2025-11-30,義大開發,Meta,親子家庭,情境圖文,mobile,1,0,0,0,4.45,0.0,0.42,True
2025-12-01,義大開發,Google,親子家庭,情境圖文,mobile,1,0,0,0,6.6,0.0,0.42,True
2025-12-02,義大開發,LINE,親子家庭,情境圖文,desktop,1,0,0,0,3.24,0.0,0.42,True
2025-12-03,義大開發,Email,親子家庭,情境圖文,desktop,1,0,0,0,1.17,0.0,0.42,True
2025-12-04,義大開發,YouTube,親子家庭,情境圖文,mobile,1,0,0,0,6.54,0.0,0.42,True
2025-12-05,義大開發,Meta,年輕族群,情境圖文,mobile,1,0,0,0,4.46,0.0,0.42,True
2025-12-06,義大開發,Google,年輕族群,情境圖文,mobile,1,0,0,0,7.71,0.0,0.42,True
2025-12-07,義大開發,LINE,年輕族群,情境圖文,mobile,1,0,0,0,4.05,0.0,0.42,True
2025-12-08,義大開發,Email,年輕族群,情境圖文,desktop,1,0,0,0,1.07,0.0,0.42,True
2025-12-09,義大開發,YouTube,年輕族群,情境圖文,mobile,1,0,0,0,6.35,0.0,0.42,True
2025-12-10,義大開發,Meta,新客探索,優惠訊息,mobile,1,0,0,0,5.66,0.0,0.42,True
2025-12-11,義大開發,Google,新客探索,優惠訊息,mobile,1,0,0,0,6.83,0.0,0.42,True
2025-12-12,義大開發,LINE,新客探索,優惠訊息,mobile,1,1,1,0,2.93,0.0,0.42,True
2025-12-13,義大開發,Email,新客探索,優惠訊息,desktop,1,0,0,0,1.17,0.0,0.42,True
2025-12-14,義大開發,YouTube,新客探索,優惠訊息,mobile,1,0,0,0,6.11,0.0,0.42,True
2025-12-15,義大開發,Meta,高意圖,優惠訊息,desktop,1,0,0,0,5.29,0.0,0.42,True
2025-12-16,義大開發,Google,高意圖,優惠訊息,mobile,1,0,0,0,7.49,0.0,0.42,True
2025-12-17,義大開發,LINE,高意圖,優惠訊息,mobile,1,0,0,0,2.97,0.0,0.42,True
2025-12-18,義大開發,Email,高意圖,優惠訊息,mobile,1,0,0,0,1.22,0.0,0.42,True
2025-12-19,義大開發,YouTube,高意圖,優惠訊息,mobile,1,0,0,0,4.99,0.0,0.42,True
2025-12-20,義大開發,Meta,既有會員,優惠訊息,mobile,1,0,0,0,3.93,0.0,0.42,True
2025-12-21,義大開發,Google,既有會員,優惠訊息,mobile,1,0,0,0,7.55,0.0,0.42,True
2025-12-22,義大開發,LINE,既有會員,優惠訊息,mobile,1,0,0,0,4.29,0.0,0.42,True
2025-12-23,義大開發,Email,既有會員,優惠訊息,mobile,1,0,0,0,1.31,0.0,0.42,True
2025-12-24,義大開發,YouTube,既有會員,優惠訊息,mobile,1,0,0,0,4.91,0.0,0.42,True
2025-12-25,義大開發,Meta,親子家庭,優惠訊息,mobile,1,0,0,0,4.66,0.0,0.42,True
2025-12-26,義大開發,Google,親子家庭,優惠訊息,mobile,1,0,0,0,7.12,0.0,0.42,True
2025-12-27,義大開發,LINE,親子家庭,優惠訊息,mobile,1,0,0,0,3.53,0.0,0.42,True
2025-12-28,義大開發,Email,親子家庭,優惠訊息,mobile,1,0,0,0,1.19,0.0,0.42,True
2025-12-29,義大開發,YouTube,親子家庭,優惠訊息,mobile,1,0,0,0,6.45,0.0,0.42,True
2025-10-01,義大開發,Meta,年輕族群,優惠訊息,mobile,1,0,0,0,5.04,0.0,0.42,True
2025-10-02,義大開發,Google,年輕族群,優惠訊息,mobile,1,0,0,0,6.16,0.0,0.42,True
2025-10-03,義大開發,LINE,年輕族群,優惠訊息,desktop,1,0,0,0,3.52,0.0,0.42,True
2025-10-04,義大開發,Email,年輕族群,優惠訊息,desktop,1,0,0,0,0.98,0.0,0.42,True
2025-10-05,義大開發,YouTube,年輕族群,優惠訊息,mobile,1,0,0,0,4.98,0.0,0.42,True
2025-10-06,義大開發,Meta,新客探索,知識內容,mobile,1,0,0,0,4.99,0.0,0.42,True
2025-10-07,義大開發,Google,新客探索,知識內容,mobile,1,0,0,0,6.52,0.0,0.42,True
2025-10-08,義大開發,LINE,新客探索,知識內容,mobile,1,1,0,0,3.68,0.0,0.42,True
2025-10-09,義大開發,Email,新客探索,知識內容,desktop,1,0,0,0,1.28,0.0,0.42,True
2025-10-10,義大開發,YouTube,新客探索,知識內容,mobile,1,0,0,0,6.11,0.0,0.42,True
2025-10-11,義大開發,Meta,高意圖,知識內容,desktop,1,0,0,0,5.5,0.0,0.42,True
2025-10-12,義大開發,Google,高意圖,知識內容,mobile,1,0,0,0,7.38,0.0,0.42,True
2025-10-13,義大開發,LINE,高意圖,知識內容,mobile,1,0,0,0,3.86,0.0,0.42,True
2025-10-14,義大開發,Email,高意圖,知識內容,mobile,1,0,0,0,1.43,0.0,0.42,True
2025-10-15,義大開發,YouTube,高意圖,知識內容,mobile,1,0,0,0,5.08,0.0,0.42,True
2025-10-16,義大開發,Meta,既有會員,知識內容,desktop,1,0,0,0,4.17,0.0,0.42,True
2025-10-17,義大開發,Google,既有會員,知識內容,mobile,1,0,0,0,7.77,0.0,0.42,True
2025-10-18,義大開發,LINE,既有會員,知識內容,mobile,1,0,0,0,3.72,0.0,0.42,True
2025-10-19,義大開發,Email,既有會員,知識內容,mobile,1,0,0,0,1.13,0.0,0.42,True
2025-10-20,義大開發,YouTube,既有會員,知識內容,mobile,1,0,0,0,6.17,0.0,0.42,True
2025-10-21,義大開發,Meta,親子家庭,知識內容,mobile,1,0,0,0,5.36,0.0,0.42,True
2025-10-22,義大開發,Google,親子家庭,知識內容,mobile,1,1,1,0,8.08,0.0,0.42,True
2025-10-23,義大開發,LINE,親子家庭,知識內容,mobile,1,0,0,0,3.29,0.0,0.42,True
2025-10-24,義大開發,Email,親子家庭,知識內容,mobile,1,0,0,0,0.99,0.0,0.42,True
2025-10-25,義大開發,YouTube,親子家庭,知識內容,mobile,1,0,0,0,5.47,0.0,0.42,True
2025-10-26,義大開發,Meta,年輕族群,知識內容,desktop,1,0,0,0,4.58,0.0,0.42,True
2025-10-27,義大開發,Google,年輕族群,知識內容,mobile,1,0,0,0,7.64,0.0,0.42,True
2025-10-28,義大開發,LINE,年輕族群,知識內容,mobile,1,0,0,0,3.29,0.0,0.42,True
2025-10-29,義大開發,Email,年輕族群,知識內容,mobile,1,0,0,0,1.3,0.0,0.42,True
2025-10-30,義大開發,YouTube,年輕族群,知識內容,mobile,1,0,0,0,4.95,0.0,0.42,True
2025-10-31,義大開發,Meta,新客探索,短影音,mobile,1,0,0,0,5.14,0.0,0.42,True
2025-11-01,義大開發,Google,新客探索,短影音,mobile,1,1,1,0,5.94,0.0,0.42,True
2025-11-02,義大開發,LINE,新客探索,短影音,mobile,1,0,0,0,3.87,0.0,0.42,True
2025-11-03,義大開發,Email,新客探索,短影音,mobile,1,0,0,0,0.99,0.0,0.42,True
2025-11-04,義大開發,YouTube,新客探索,短影音,mobile,1,1,1,0,5.94,0.0,0.42,True
2025-11-05,義大開發,Meta,高意圖,短影音,mobile,1,0,0,0,4.29,0.0,0.42,True
2025-11-06,義大開發,Google,高意圖,短影音,mobile,1,0,0,0,6.42,0.0,0.42,True
2025-11-07,義大開發,LINE,高意圖,短影音,mobile,1,0,0,0,3.23,0.0,0.42,True
2025-11-08,義大開發,Email,高意圖,短影音,mobile,1,0,0,0,1.25,0.0,0.42,True
2025-11-09,義大開發,YouTube,高意圖,短影音,mobile,1,0,0,0,5.56,0.0,0.42,True
2025-11-10,義大開發,Meta,既有會員,短影音,mobile,1,0,0,0,4.07,0.0,0.42,True
2025-11-11,義大開發,Google,既有會員,短影音,desktop,1,1,1,0,7.76,0.0,0.42,True
2025-11-12,義大開發,LINE,既有會員,短影音,desktop,1,1,1,1,3.71,8691.1,0.42,True
2025-11-13,義大開發,Email,既有會員,短影音,mobile,1,1,1,0,1.38,0.0,0.42,True
2025-11-14,義大開發,YouTube,既有會員,短影音,desktop,1,0,0,0,5.49,0.0,0.42,True
2025-11-15,義大開發,Meta,親子家庭,短影音,mobile,1,1,1,0,4.43,0.0,0.42,True
2025-11-16,義大開發,Google,親子家庭,短影音,mobile,1,0,0,0,7.32,0.0,0.42,True
2025-11-17,義大開發,LINE,親子家庭,短影音,mobile,1,1,1,0,4.09,0.0,0.42,True
2025-11-18,義大開發,Email,親子家庭,短影音,desktop,1,0,0,0,1.09,0.0,0.42,True
2025-11-19,義大開發,YouTube,親子家庭,短影音,mobile,1,0,0,0,5.86,0.0,0.42,True
2025-11-20,義大開發,Meta,年輕族群,短影音,mobile,1,0,0,0,4.25,0.0,0.42,True
2025-11-21,義大開發,Google,年輕族群,短影音,desktop,1,0,0,0,6.2,0.0,0.42,True
2025-11-22,義大開發,LINE,年輕族群,短影音,mobile,1,0,0,0,3.32,0.0,0.42,True
2025-11-23,義大開發,Email,年輕族群,短影音,mobile,1,0,0,0,1.15,0.0,0.42,True
2025-11-24,義大開發,YouTube,年輕族群,短影音,mobile,1,0,0,0,4.8,0.0,0.42,True
2025-11-25,義大開發,Meta,新客探索,情境圖文,mobile,1,1,1,0,3.92,0.0,0.42,True
2025-11-26,義大開發,Google,新客探索,情境圖文,mobile,1,0,0,0,8.2,0.0,0.42,True
2025-11-27,義大開發,LINE,新客探索,情境圖文,mobile,1,0,0,0,4.09,0.0,0.42,True
2025-11-28,義大開發,Email,新客探索,情境圖文,mobile,1,0,0,0,0.97,0.0,0.42,True
2025-11-29,義大開發,YouTube,新客探索,情境圖文,mobile,1,0,0,0,4.69,0.0,0.42,True
2025-11-30,義大開發,Meta,高意圖,情境圖文,mobile,1,0,0,0,4.48,0.0,0.42,True
2025-12-01,義大開發,Google,高意圖,情境圖文,mobile,1,0,0,0,6.03,0.0,0.42,True
2025-12-02,義大開發,LINE,高意圖,情境圖文,desktop,1,0,0,0,3.92,0.0,0.42,True
2025-12-03,義大開發,Email,高意圖,情境圖文,mobile,1,0,0,0,1.44,0.0,0.42,True
2025-12-04,義大開發,YouTube,高意圖,情境圖文,mobile,1,0,0,0,5.61,0.0,0.42,True
2025-12-05,義大開發,Meta,既有會員,情境圖文,mobile,1,0,0,0,5.34,0.0,0.42,True
2025-12-06,義大開發,Google,既有會員,情境圖文,mobile,1,0,0,0,8.03,0.0,0.42,True
2025-12-07,義大開發,LINE,既有會員,情境圖文,desktop,1,0,0,0,3.75,0.0,0.42,True
2025-12-08,義大開發,Email,既有會員,情境圖文,mobile,1,0,0,0,1.24,0.0,0.42,True
2025-12-09,義大開發,YouTube,既有會員,情境圖文,mobile,1,0,0,0,5.32,0.0,0.42,True
2025-12-10,義大開發,Meta,親子家庭,情境圖文,mobile,1,0,0,0,4.84,0.0,0.42,True
2025-12-11,義大開發,Google,親子家庭,情境圖文,mobile,1,0,0,0,7.41,0.0,0.42,True
2025-12-12,義大開發,LINE,親子家庭,情境圖文,mobile,1,0,0,0,2.96,0.0,0.42,True
2025-12-13,義大開發,Email,親子家庭,情境圖文,mobile,1,0,0,0,1.34,0.0,0.42,True
2025-12-14,義大開發,YouTube,親子家庭,情境圖文,mobile,1,0,0,0,4.5,0.0,0.42,True
2025-12-15,義大開發,Meta,年輕族群,情境圖文,desktop,1,0,0,0,4.1,0.0,0.42,True
2025-12-16,義大開發,Google,年輕族群,情境圖文,mobile,1,0,0,0,6.13,0.0,0.42,True
2025-12-17,義大開發,LINE,年輕族群,情境圖文,mobile,1,0,0,0,3.68,0.0,0.42,True
2025-12-18,義大開發,Email,年輕族群,情境圖文,mobile,1,0,0,0,1.01,0.0,0.42,True
2025-12-19,義大開發,YouTube,年輕族群,情境圖文,mobile,1,0,0,0,4.43,0.0,0.42,True
2025-12-20,義大開發,Meta,新客探索,優惠訊息,mobile,1,0,0,0,5.23,0.0,0.42,True
2025-12-21,義大開發,Google,新客探索,優惠訊息,mobile,1,0,0,0,8.12,0.0,0.42,True
2025-12-22,義大開發,LINE,新客探索,優惠訊息,mobile,1,0,0,0,3.51,0.0,0.42,True
2025-12-23,義大開發,Email,新客探索,優惠訊息,mobile,1,0,0,0,1.04,0.0,0.42,True
2025-12-24,義大開發,YouTube,新客探索,優惠訊息,mobile,1,0,0,0,4.41,0.0,0.42,True
2025-12-25,義大開發,Meta,高意圖,優惠訊息,mobile,1,1,0,0,4.27,0.0,0.42,True
2025-12-26,義大開發,Google,高意圖,優惠訊息,mobile,1,0,0,0,8.37,0.0,0.42,True
2025-12-27,義大開發,LINE,高意圖,優惠訊息,mobile,1,1,1,0,3.38,0.0,0.42,True
2025-12-28,義大開發,Email,高意圖,優惠訊息,desktop,1,0,0,0,1.18,0.0,0.42,True
2025-12-29,義大開發,YouTube,高意圖,優惠訊息,mobile,1,1,0,0,5.64,0.0,0.42,True
2025-10-01,義大開發,Meta,既有會員,優惠訊息,desktop,1,0,0,0,5.59,0.0,0.42,True
2025-10-02,義大開發,Google,既有會員,優惠訊息,mobile,1,0,0,0,5.87,0.0,0.42,True
2025-10-03,義大開發,LINE,既有會員,優惠訊息,mobile,1,0,0,0,3.34,0.0,0.42,True
2025-10-04,義大開發,Email,既有會員,優惠訊息,mobile,1,0,0,0,1.38,0.0,0.42,True
2025-10-05,義大開發,YouTube,既有會員,優惠訊息,mobile,1,0,0,0,5.52,0.0,0.42,True
2025-10-06,義大開發,Meta,親子家庭,優惠訊息,desktop,1,0,0,0,5.06,0.0,0.42,True
2025-10-07,義大開發,Google,親子家庭,優惠訊息,desktop,1,0,0,0,8.62,0.0,0.42,True
2025-10-08,義大開發,LINE,親子家庭,優惠訊息,desktop,1,0,0,0,3.14,0.0,0.42,True
2025-10-09,義大開發,Email,親子家庭,優惠訊息,desktop,1,0,0,0,1.35,0.0,0.42,True
2025-10-10,義大開發,YouTube,親子家庭,優惠訊息,mobile,1,0,0,0,4.8,0.0,0.42,True
2025-10-11,義大開發,Meta,年輕族群,優惠訊息,desktop,1,0,0,0,4.75,0.0,0.42,True
2025-10-12,義大開發,Google,年輕族群,優惠訊息,mobile,1,0,0,0,6.63,0.0,0.42,True
2025-10-13,義大開發,LINE,年輕族群,優惠訊息,mobile,1,0,0,0,3.22,0.0,0.42,True
2025-10-14,義大開發,Email,年輕族群,優惠訊息,desktop,1,0,0,0,1.18,0.0,0.42,True
2025-10-15,義大開發,YouTube,年輕族群,優惠訊息,mobile,1,0,0,0,5.86,0.0,0.42,True
2025-10-16,義大開發,Meta,新客探索,知識內容,mobile,1,0,0,0,4.78,0.0,0.42,True
2025-10-17,義大開發,Google,新客探索,知識內容,mobile,1,0,0,0,7.04,0.0,0.42,True
2025-10-18,義大開發,LINE,新客探索,知識內容,mobile,1,0,0,0,3.24,0.0,0.42,True
2025-10-19,義大開發,Email,新客探索,知識內容,mobile,1,0,0,0,1.43,0.0,0.42,True
2025-10-20,義大開發,YouTube,新客探索,知識內容,mobile,1,0,0,0,4.66,0.0,0.42,True
2025-10-21,義大開發,Meta,高意圖,知識內容,mobile,1,1,1,0,5.01,0.0,0.42,True
2025-10-22,義大開發,Google,高意圖,知識內容,mobile,1,0,0,0,6.38,0.0,0.42,True
2025-10-23,義大開發,LINE,高意圖,知識內容,desktop,1,0,0,0,3.68,0.0,0.42,True
2025-10-24,義大開發,Email,高意圖,知識內容,mobile,1,1,0,0,1.07,0.0,0.42,True
2025-10-25,義大開發,YouTube,高意圖,知識內容,mobile,1,0,0,0,6.41,0.0,0.42,True
2025-10-26,義大開發,Meta,既有會員,知識內容,mobile,1,0,0,0,4.03,0.0,0.42,True
2025-10-27,義大開發,Google,既有會員,知識內容,mobile,1,0,0,0,6.79,0.0,0.42,True
2025-10-28,義大開發,LINE,既有會員,知識內容,mobile,1,0,0,0,3.77,0.0,0.42,True
2025-10-29,義大開發,Email,既有會員,知識內容,mobile,1,0,0,0,1.34,0.0,0.42,True
2025-10-30,義大開發,YouTube,既有會員,知識內容,mobile,1,0,0,0,4.97,0.0,0.42,True
2025-10-31,義大開發,Meta,親子家庭,知識內容,mobile,1,0,0,0,4.16,0.0,0.42,True
2025-11-01,義大開發,Google,親子家庭,知識內容,mobile,1,0,0,0,6.97,0.0,0.42,True
2025-11-02,義大開發,LINE,親子家庭,知識內容,mobile,1,0,0,0,3.86,0.0,0.42,True
2025-11-03,義大開發,Email,親子家庭,知識內容,mobile,1,0,0,0,1.14,0.0,0.42,True
2025-11-04,義大開發,YouTube,親子家庭,知識內容,mobile,1,0,0,0,5.48,0.0,0.42,True
2025-11-05,義大開發,Meta,年輕族群,知識內容,desktop,1,0,0,0,5.0,0.0,0.42,True
2025-11-06,義大開發,Google,年輕族群,知識內容,mobile,1,0,0,0,7.62,0.0,0.42,True
2025-11-07,義大開發,LINE,年輕族群,知識內容,mobile,1,0,0,0,3.66,0.0,0.42,True
2025-11-08,義大開發,Email,年輕族群,知識內容,mobile,1,0,0,0,1.2,0.0,0.42,True
2025-11-09,義大開發,YouTube,年輕族群,知識內容,mobile,1,0,0,0,4.72,0.0,0.42,True
2025-11-10,義大開發,Meta,新客探索,短影音,mobile,1,1,1,0,3.94,0.0,0.42,True
2025-11-11,義大開發,Google,新客探索,短影音,mobile,1,0,0,0,7.6,0.0,0.42,True
2025-11-12,義大開發,LINE,新客探索,短影音,mobile,1,0,0,0,3.03,0.0,0.42,True
2025-11-13,義大開發,Email,新客探索,短影音,mobile,1,0,0,0,1.24,0.0,0.42,True
2025-11-14,義大開發,YouTube,新客探索,短影音,mobile,1,0,0,0,5.57,0.0,0.42,True
2025-11-15,義大開發,Meta,高意圖,短影音,mobile,1,0,0,0,5.55,0.0,0.42,True
2025-11-16,義大開發,Google,高意圖,短影音,mobile,1,0,0,0,8.33,0.0,0.42,True
2025-11-17,義大開發,LINE,高意圖,短影音,mobile,1,0,0,0,2.98,0.0,0.42,True
2025-11-18,義大開發,Email,高意圖,短影音,desktop,1,0,0,0,1.09,0.0,0.42,True
2025-11-19,義大開發,YouTube,高意圖,短影音,desktop,1,0,0,0,6.4,0.0,0.42,True
2025-11-20,義大開發,Meta,既有會員,短影音,mobile,1,0,0,0,4.28,0.0,0.42,True
2025-11-21,義大開發,Google,既有會員,短影音,mobile,1,0,0,0,8.27,0.0,0.42,True
2025-11-22,義大開發,LINE,既有會員,短影音,desktop,1,1,1,0,3.21,0.0,0.42,True
2025-11-23,義大開發,Email,既有會員,短影音,mobile,1,0,0,0,0.97,0.0,0.42,True
2025-11-24,義大開發,YouTube,既有會員,短影音,desktop,1,0,0,0,5.57,0.0,0.42,True
2025-11-25,義大開發,Meta,親子家庭,短影音,desktop,1,0,0,0,4.04,0.0,0.42,True
2025-11-26,義大開發,Google,親子家庭,短影音,mobile,1,0,0,0,6.43,0.0,0.42,True
2025-11-27,義大開發,LINE,親子家庭,短影音,desktop,1,0,0,0,3.26,0.0,0.42,True
2025-11-28,義大開發,Email,親子家庭,短影音,desktop,1,0,0,0,0.99,0.0,0.42,True
2025-11-29,義大開發,YouTube,親子家庭,短影音,mobile,1,1,1,0,6.42,0.0,0.42,True
2025-11-30,義大開發,Meta,年輕族群,短影音,mobile,1,0,0,0,4.91,0.0,0.42,True
2025-12-01,義大開發,Google,年輕族群,短影音,desktop,1,0,0,0,6.52,0.0,0.42,True
2025-12-02,義大開發,LINE,年輕族群,短影音,desktop,1,0,0,0,4.07,0.0,0.42,True
2025-12-03,義大開發,Email,年輕族群,短影音,desktop,1,0,0,0,1.34,0.0,0.42,True
2025-12-04,義大開發,YouTube,年輕族群,短影音,mobile,1,0,0,0,4.8,0.0,0.42,True
2025-12-05,義大開發,Meta,新客探索,情境圖文,desktop,1,0,0,0,4.77,0.0,0.42,True
2025-12-06,義大開發,Google,新客探索,情境圖文,mobile,1,0,0,0,7.0,0.0,0.42,True
2025-12-07,義大開發,LINE,新客探索,情境圖文,mobile,1,0,0,0,3.25,0.0,0.42,True
2025-12-08,義大開發,Email,新客探索,情境圖文,mobile,1,0,0,0,1.05,0.0,0.42,True
2025-12-09,義大開發,YouTube,新客探索,情境圖文,mobile,1,0,0,0,6.2,0.0,0.42,True
2025-12-10,義大開發,Meta,高意圖,情境圖文,mobile,1,0,0,0,4.07,0.0,0.42,True
2025-12-11,義大開發,Google,高意圖,情境圖文,mobile,1,0,0,0,7.02,0.0,0.42,True
2025-12-12,義大開發,LINE,高意圖,情境圖文,mobile,1,0,0,0,3.92,0.0,0.42,True
2025-12-13,義大開發,Email,高意圖,情境圖文,mobile,1,0,0,0,1.1,0.0,0.42,True
2025-12-14,義大開發,YouTube,高意圖,情境圖文,desktop,1,0,0,0,5.77,0.0,0.42,True
2025-12-15,義大開發,Meta,既有會員,情境圖文,mobile,1,0,0,0,5.73,0.0,0.42,True
2025-12-16,義大開發,Google,既有會員,情境圖文,mobile,1,0,0,0,7.14,0.0,0.42,True
2025-12-17,義大開發,LINE,既有會員,情境圖文,desktop,1,0,0,0,4.1,0.0,0.42,True
2025-12-18,義大開發,Email,既有會員,情境圖文,mobile,1,0,0,0,1.11,0.0,0.42,True
2025-12-19,義大開發,YouTube,既有會員,情境圖文,mobile,1,0,0,0,5.32,0.0,0.42,True
2025-12-20,義大開發,Meta,親子家庭,情境圖文,mobile,1,0,0,0,4.25,0.0,0.42,True
2025-12-21,義大開發,Google,親子家庭,情境圖文,desktop,1,0,0,0,6.27,0.0,0.42,True
2025-12-22,義大開發,LINE,親子家庭,情境圖文,mobile,1,0,0,0,3.14,0.0,0.42,True
2025-12-23,義大開發,Email,親子家庭,情境圖文,mobile,1,0,0,0,1.29,0.0,0.42,True
2025-12-24,義大開發,YouTube,親子家庭,情境圖文,mobile,1,0,0,0,5.91,0.0,0.42,True
2025-12-25,義大開發,Meta,年輕族群,情境圖文,mobile,1,0,0,0,5.6,0.0,0.42,True
2025-12-26,義大開發,Google,年輕族群,情境圖文,mobile,1,1,1,1,8.03,7076.57,0.42,True
2025-12-27,義大開發,LINE,年輕族群,情境圖文,mobile,1,0,0,0,3.07,0.0,0.42,True
2025-12-28,義大開發,Email,年輕族群,情境圖文,mobile,1,0,0,0,1.1,0.0,0.42,True
2025-12-29,義大開發,YouTube,年輕族群,情境圖文,mobile,1,0,0,0,5.6,0.0,0.42,True
2025-10-01,義大開發,Meta,新客探索,優惠訊息,mobile,1,0,0,0,5.58,0.0,0.42,True
2025-10-02,義大開發,Google,新客探索,優惠訊息,mobile,1,0,0,0,7.08,0.0,0.42,True
2025-10-03,義大開發,LINE,新客探索,優惠訊息,desktop,1,0,0,0,3.28,0.0,0.42,True
2025-10-04,義大開發,Email,新客探索,優惠訊息,mobile,1,0,0,0,1.42,0.0,0.42,True
2025-10-05,義大開發,YouTube,新客探索,優惠訊息,mobile,1,0,0,0,4.76,0.0,0.42,True
2025-10-06,義大開發,Meta,高意圖,優惠訊息,mobile,1,0,0,0,5.02,0.0,0.42,True
2025-10-07,義大開發,Google,高意圖,優惠訊息,desktop,1,0,0,0,6.39,0.0,0.42,True
2025-10-08,義大開發,LINE,高意圖,優惠訊息,mobile,1,0,0,0,4.19,0.0,0.42,True
2025-10-09,義大開發,Email,高意圖,優惠訊息,mobile,1,1,1,0,1.32,0.0,0.42,True
2025-10-10,義大開發,YouTube,高意圖,優惠訊息,mobile,1,0,0,0,6.44,0.0,0.42,True
2025-10-11,義大開發,Meta,既有會員,優惠訊息,mobile,1,1,0,0,4.2,0.0,0.42,True
2025-10-12,義大開發,Google,既有會員,優惠訊息,mobile,1,0,0,0,6.79,0.0,0.42,True
2025-10-13,義大開發,LINE,既有會員,優惠訊息,mobile,1,0,0,0,3.21,0.0,0.42,True
2025-10-14,義大開發,Email,既有會員,優惠訊息,mobile,1,0,0,0,1.34,0.0,0.42,True
2025-10-15,義大開發,YouTube,既有會員,優惠訊息,mobile,1,0,0,0,6.27,0.0,0.42,True
2025-10-16,義大開發,Meta,親子家庭,優惠訊息,mobile,1,0,0,0,5.21,0.0,0.42,True
2025-10-17,義大開發,Google,親子家庭,優惠訊息,mobile,1,0,0,0,6.11,0.0,0.42,True
2025-10-18,義大開發,LINE,親子家庭,優惠訊息,mobile,1,0,0,0,2.89,0.0,0.42,True
2025-10-19,義大開發,Email,親子家庭,優惠訊息,mobile,1,0,0,0,1.4,0.0,0.42,True
2025-10-20,義大開發,YouTube,親子家庭,優惠訊息,desktop,1,0,0,0,4.42,0.0,0.42,True
2025-10-21,義大開發,Meta,年輕族群,優惠訊息,mobile,1,0,0,0,5.6,0.0,0.42,True
2025-10-22,義大開發,Google,年輕族群,優惠訊息,mobile,1,1,1,0,6.42,0.0,0.42,True
2025-10-23,義大開發,LINE,年輕族群,優惠訊息,mobile,1,0,0,0,3.44,0.0,0.42,True
2025-10-24,義大開發,Email,年輕族群,優惠訊息,mobile,1,1,0,0,1.31,0.0,0.42,True
2025-10-25,義大開發,YouTube,年輕族群,優惠訊息,mobile,1,0,0,0,5.47,0.0,0.42,True
2025-10-26,義大開發,Meta,新客探索,知識內容,mobile,1,0,0,0,4.99,0.0,0.42,True
2025-10-27,義大開發,Google,新客探索,知識內容,mobile,1,0,0,0,8.25,0.0,0.42,True
2025-10-28,義大開發,LINE,新客探索,知識內容,mobile,1,0,0,0,3.88,0.0,0.42,True
2025-10-29,義大開發,Email,新客探索,知識內容,mobile,1,0,0,0,1.4,0.0,0.42,True
2025-10-30,義大開發,YouTube,新客探索,知識內容,mobile,1,0,0,0,5.8,0.0,0.42,True
2025-10-31,義大開發,Meta,高意圖,知識內容,mobile,1,0,0,0,4.07,0.0,0.42,True
2025-11-01,義大開發,Google,高意圖,知識內容,mobile,1,0,0,0,7.63,0.0,0.42,True
2025-11-02,義大開發,LINE,高意圖,知識內容,mobile,1,1,1,1,3.76,8253.57,0.42,True
2025-11-03,義大開發,Email,高意圖,知識內容,mobile,1,0,0,0,1.1,0.0,0.42,True
2025-11-04,義大開發,YouTube,高意圖,知識內容,mobile,1,0,0,0,6.15,0.0,0.42,True
2025-11-05,義大開發,Meta,既有會員,知識內容,mobile,1,0,0,0,5.52,0.0,0.42,True
2025-11-06,義大開發,Google,既有會員,知識內容,mobile,1,0,0,0,6.81,0.0,0.42,True
2025-11-07,義大開發,LINE,既有會員,知識內容,mobile,1,0,0,0,4.12,0.0,0.42,True
2025-11-08,義大開發,Email,既有會員,知識內容,desktop,1,1,1,0,1.17,0.0,0.42,True
2025-11-09,義大開發,YouTube,既有會員,知識內容,mobile,1,0,0,0,5.86,0.0,0.42,True
2025-11-10,義大開發,Meta,親子家庭,知識內容,desktop,1,0,0,0,4.4,0.0,0.42,True
2025-11-11,義大開發,Google,親子家庭,知識內容,mobile,1,0,0,0,8.53,0.0,0.42,True
2025-11-12,義大開發,LINE,親子家庭,知識內容,desktop,1,0,0,0,2.94,0.0,0.42,True
2025-11-13,義大開發,Email,親子家庭,知識內容,mobile,1,0,0,0,1.39,0.0,0.42,True
2025-11-14,義大開發,YouTube,親子家庭,知識內容,mobile,1,0,0,0,4.96,0.0,0.42,True
2025-11-15,義大開發,Meta,年輕族群,知識內容,mobile,1,0,0,0,5.52,0.0,0.42,True
2025-11-16,義大開發,Google,年輕族群,知識內容,mobile,1,0,0,0,6.22,0.0,0.42,True
2025-11-17,義大開發,LINE,年輕族群,知識內容,mobile,1,0,0,0,3.53,0.0,0.42,True
2025-11-18,義大開發,Email,年輕族群,知識內容,mobile,1,0,0,0,1.2,0.0,0.42,True
2025-11-19,義大開發,YouTube,年輕族群,知識內容,desktop,1,0,0,0,4.66,0.0,0.42,True
2025-11-20,義大開發,Meta,新客探索,短影音,desktop,1,0,0,0,5.76,0.0,0.42,True
2025-11-21,義大開發,Google,新客探索,短影音,mobile,1,1,0,0,6.64,0.0,0.42,True
2025-11-22,義大開發,LINE,新客探索,短影音,mobile,1,0,0,0,4.2,0.0,0.42,True
2025-11-23,義大開發,Email,新客探索,短影音,mobile,1,0,0,0,1.21,0.0,0.42,True
2025-11-24,義大開發,YouTube,新客探索,短影音,mobile,1,0,0,0,6.53,0.0,0.42,True
2025-11-25,義大開發,Meta,高意圖,短影音,desktop,1,1,0,0,5.26,0.0,0.42,True
2025-11-26,義大開發,Google,高意圖,短影音,mobile,1,1,1,0,7.6,0.0,0.42,True
2025-11-27,義大開發,LINE,高意圖,短影音,mobile,1,0,0,0,3.14,0.0,0.42,True
2025-11-28,義大開發,Email,高意圖,短影音,mobile,1,0,0,0,1.23,0.0,0.42,True
2025-11-29,義大開發,YouTube,高意圖,短影音,mobile,1,0,0,0,4.44,0.0,0.42,True
2025-11-30,義大開發,Meta,既有會員,短影音,desktop,1,0,0,0,4.48,0.0,0.42,True
2025-12-01,義大開發,Google,既有會員,短影音,desktop,1,0,0,0,8.49,0.0,0.42,True
2025-12-02,義大開發,LINE,既有會員,短影音,mobile,1,0,0,0,2.98,0.0,0.42,True
2025-12-03,義大開發,Email,既有會員,短影音,desktop,1,0,0,0,1.05,0.0,0.42,True
2025-12-04,義大開發,YouTube,既有會員,短影音,desktop,1,0,0,0,5.0,0.0,0.42,True
2025-12-05,義大開發,Meta,親子家庭,短影音,mobile,1,0,0,0,5.46,0.0,0.42,True
2025-12-06,義大開發,Google,親子家庭,短影音,mobile,1,0,0,0,8.36,0.0,0.42,True
2025-12-07,義大開發,LINE,親子家庭,短影音,mobile,1,1,1,0,4.03,0.0,0.42,True
2025-12-08,義大開發,Email,親子家庭,短影音,mobile,1,0,0,0,1.25,0.0,0.42,True
2025-12-09,義大開發,YouTube,親子家庭,短影音,mobile,1,0,0,0,6.21,0.0,0.42,True
2025-12-10,義大開發,Meta,年輕族群,短影音,mobile,1,0,0,0,5.6,0.0,0.42,True
2025-12-11,義大開發,Google,年輕族群,短影音,desktop,1,0,0,0,8.17,0.0,0.42,True
2025-12-12,義大開發,LINE,年輕族群,短影音,mobile,1,0,0,0,4.0,0.0,0.42,True
2025-12-13,義大開發,Email,年輕族群,短影音,mobile,1,0,0,0,1.24,0.0,0.42,True
2025-12-14,義大開發,YouTube,年輕族群,短影音,desktop,1,0,0,0,4.87,0.0,0.42,True
2025-12-15,義大開發,Meta,新客探索,情境圖文,mobile,1,0,0,0,4.04,0.0,0.42,True
2025-12-16,義大開發,Google,新客探索,情境圖文,mobile,1,0,0,0,8.14,0.0,0.42,True
2025-12-17,義大開發,LINE,新客探索,情境圖文,mobile,1,0,0,0,3.72,0.0,0.42,True
2025-12-18,義大開發,Email,新客探索,情境圖文,mobile,1,0,0,0,1.25,0.0,0.42,True
2025-12-19,義大開發,YouTube,新客探索,情境圖文,mobile,1,0,0,0,5.12,0.0,0.42,True
2025-12-20,義大開發,Meta,高意圖,情境圖文,mobile,1,0,0,0,5.17,0.0,0.42,True
2025-12-21,義大開發,Google,高意圖,情境圖文,mobile,1,0,0,0,5.9,0.0,0.42,True
2025-12-22,義大開發,LINE,高意圖,情境圖文,mobile,1,0,0,0,4.03,0.0,0.42,True
2025-12-23,義大開發,Email,高意圖,情境圖文,mobile,1,0,0,0,1.3,0.0,0.42,True
2025-12-24,義大開發,YouTube,高意圖,情境圖文,desktop,1,0,0,0,5.85,0.0,0.42,True
2025-12-25,義大開發,Meta,既有會員,情境圖文,mobile,1,0,0,0,4.95,0.0,0.42,True
2025-12-26,義大開發,Google,既有會員,情境圖文,desktop,1,0,0,0,6.79,0.0,0.42,True
2025-12-27,義大開發,LINE,既有會員,情境圖文,mobile,1,0,0,0,3.46,0.0,0.42,True
2025-12-28,義大開發,Email,既有會員,情境圖文,mobile,1,0,0,0,1.08,0.0,0.42,True
2025-12-29,義大開發,YouTube,既有會員,情境圖文,desktop,1,0,0,0,6.41,0.0,0.42,True
2025-10-01,義大開發,Meta,親子家庭,情境圖文,mobile,1,0,0,0,4.77,0.0,0.42,True
2025-10-02,義大開發,Google,親子家庭,情境圖文,mobile,1,1,1,1,6.1,7575.49,0.42,True
2025-10-03,義大開發,LINE,親子家庭,情境圖文,mobile,1,0,0,0,4.18,0.0,0.42,True
2025-10-04,義大開發,Email,親子家庭,情境圖文,mobile,1,0,0,0,1.18,0.0,0.42,True
2025-10-05,義大開發,YouTube,親子家庭,情境圖文,mobile,1,0,0,0,6.22,0.0,0.42,True
2025-10-06,義大開發,Meta,年輕族群,情境圖文,mobile,1,0,0,0,3.88,0.0,0.42,True
2025-10-07,義大開發,Google,年輕族群,情境圖文,mobile,1,0,0,0,6.27,0.0,0.42,True
2025-10-08,義大開發,LINE,年輕族群,情境圖文,mobile,1,0,0,0,3.6,0.0,0.42,True
2025-10-09,義大開發,Email,年輕族群,情境圖文,mobile,1,1,1,0,1.41,0.0,0.42,True
2025-10-10,義大開發,YouTube,年輕族群,情境圖文,mobile,1,0,0,0,6.06,0.0,0.42,True
2025-10-11,義大開發,Meta,新客探索,優惠訊息,desktop,1,0,0,0,4.41,0.0,0.42,True
2025-10-12,義大開發,Google,新客探索,優惠訊息,mobile,1,0,0,0,8.5,0.0,0.42,True
2025-10-13,義大開發,LINE,新客探索,優惠訊息,mobile,1,0,0,0,3.52,0.0,0.42,True
2025-10-14,義大開發,Email,新客探索,優惠訊息,desktop,1,0,0,0,1.34,0.0,0.42,True
2025-10-15,義大開發,YouTube,新客探索,優惠訊息,mobile,1,0,0,0,6.12,0.0,0.42,True
2025-10-16,義大開發,Meta,高意圖,優惠訊息,mobile,1,0,0,0,5.33,0.0,0.42,True
2025-10-17,義大開發,Google,高意圖,優惠訊息,desktop,1,0,0,0,5.87,0.0,0.42,True
2025-10-18,義大開發,LINE,高意圖,優惠訊息,mobile,1,0,0,0,3.64,0.0,0.42,True
2025-10-19,義大開發,Email,高意圖,優惠訊息,mobile,1,0,0,0,1.34,0.0,0.42,True
2025-10-20,義大開發,YouTube,高意圖,優惠訊息,mobile,1,0,0,0,4.57,0.0,0.42,True
2025-10-21,義大開發,Meta,既有會員,優惠訊息,mobile,1,0,0,0,4.47,0.0,0.42,True
2025-10-22,義大開發,Google,既有會員,優惠訊息,mobile,1,0,0,0,7.02,0.0,0.42,True
2025-10-23,義大開發,LINE,既有會員,優惠訊息,mobile,1,0,0,0,3.06,0.0,0.42,True
2025-10-24,義大開發,Email,既有會員,優惠訊息,mobile,1,0,0,0,1.34,0.0,0.42,True
2025-10-25,義大開發,YouTube,既有會員,優惠訊息,mobile,1,0,0,0,4.71,0.0,0.42,True
2025-10-26,義大開發,Meta,親子家庭,優惠訊息,mobile,1,0,0,0,4.68,0.0,0.42,True
2025-10-27,義大開發,Google,親子家庭,優惠訊息,mobile,1,0,0,0,7.43,0.0,0.42,True
2025-10-28,義大開發,LINE,親子家庭,優惠訊息,mobile,1,0,0,0,3.73,0.0,0.42,True
2025-10-29,義大開發,Email,親子家庭,優惠訊息,mobile,1,0,0,0,1.36,0.0,0.42,True
2025-10-30,義大開發,YouTube,親子家庭,優惠訊息,mobile,1,0,0,0,6.43,0.0,0.42,True
2025-10-31,義大開發,Meta,年輕族群,優惠訊息,desktop,1,0,0,0,4.55,0.0,0.42,True
2025-11-01,義大開發,Google,年輕族群,優惠訊息,mobile,1,0,0,0,7.53,0.0,0.42,True
2025-11-02,義大開發,LINE,年輕族群,優惠訊息,mobile,1,1,1,0,4.12,0.0,0.42,True
2025-11-03,義大開發,Email,年輕族群,優惠訊息,mobile,1,0,0,0,1.18,0.0,0.42,True
2025-11-04,義大開發,YouTube,年輕族群,優惠訊息,mobile,1,0,0,0,4.54,0.0,0.42,True
2025-11-05,義大開發,Meta,新客探索,知識內容,mobile,1,0,0,0,4.41,0.0,0.42,True
2025-11-06,義大開發,Google,新客探索,知識內容,mobile,1,0,0,0,7.05,0.0,0.42,True
2025-11-07,義大開發,LINE,新客探索,知識內容,mobile,1,0,0,0,4.28,0.0,0.42,True
2025-11-08,義大開發,Email,新客探索,知識內容,mobile,1,0,0,0,0.97,0.0,0.42,True
2025-11-09,義大開發,YouTube,新客探索,知識內容,mobile,1,0,0,0,4.95,0.0,0.42,True
2025-11-10,義大開發,Meta,高意圖,知識內容,mobile,1,0,0,0,4.0,0.0,0.42,True
2025-11-11,義大開發,Google,高意圖,知識內容,mobile,1,0,0,0,7.99,0.0,0.42,True
2025-11-12,義大開發,LINE,高意圖,知識內容,mobile,1,0,0,0,3.14,0.0,0.42,True
2025-11-13,義大開發,Email,高意圖,知識內容,mobile,1,0,0,0,0.97,0.0,0.42,True
2025-11-14,義大開發,YouTube,高意圖,知識內容,desktop,1,0,0,0,5.16,0.0,0.42,True
2025-11-15,義大開發,Meta,既有會員,知識內容,mobile,1,0,0,0,5.17,0.0,0.42,True
2025-11-16,義大開發,Google,既有會員,知識內容,mobile,1,0,0,0,7.46,0.0,0.42,True
2025-11-17,義大開發,LINE,既有會員,知識內容,mobile,1,0,0,0,2.95,0.0,0.42,True
2025-11-18,義大開發,Email,既有會員,知識內容,mobile,1,0,0,0,1.15,0.0,0.42,True
2025-11-19,義大開發,YouTube,既有會員,知識內容,desktop,1,0,0,0,5.05,0.0,0.42,True
2025-11-20,義大開發,Meta,親子家庭,知識內容,mobile,1,0,0,0,4.57,0.0,0.42,True
2025-11-21,義大開發,Google,親子家庭,知識內容,mobile,1,0,0,0,6.22,0.0,0.42,True
2025-11-22,義大開發,LINE,親子家庭,知識內容,mobile,1,0,0,0,3.18,0.0,0.42,True
2025-11-23,義大開發,Email,親子家庭,知識內容,mobile,1,0,0,0,1.08,0.0,0.42,True
2025-11-24,義大開發,YouTube,親子家庭,知識內容,mobile,1,0,0,0,5.85,0.0,0.42,True
2025-11-25,義大開發,Meta,年輕族群,知識內容,mobile,1,0,0,0,4.51,0.0,0.42,True
2025-11-26,義大開發,Google,年輕族群,知識內容,desktop,1,0,0,0,8.15,0.0,0.42,True
2025-11-27,義大開發,LINE,年輕族群,知識內容,mobile,1,0,0,0,3.88,0.0,0.42,True
2025-11-28,義大開發,Email,年輕族群,知識內容,desktop,1,0,0,0,1.02,0.0,0.42,True
2025-11-29,義大開發,YouTube,年輕族群,知識內容,mobile,1,0,0,0,6.09,0.0,0.42,True
2025-11-30,義大開發,Meta,新客探索,短影音,mobile,1,0,0,0,4.74,0.0,0.42,True
2025-12-01,義大開發,Google,新客探索,短影音,mobile,1,0,0,0,7.34,0.0,0.42,True
2025-12-02,義大開發,LINE,新客探索,短影音,mobile,1,0,0,0,3.12,0.0,0.42,True
2025-12-03,義大開發,Email,新客探索,短影音,mobile,1,0,0,0,1.27,0.0,0.42,True
2025-12-04,義大開發,YouTube,新客探索,短影音,mobile,1,0,0,0,4.73,0.0,0.42,True
2025-12-05,義大開發,Meta,高意圖,短影音,mobile,1,0,0,0,3.98,0.0,0.42,True
2025-12-06,義大開發,Google,高意圖,短影音,mobile,1,0,0,0,7.54,0.0,0.42,True
2025-12-07,義大開發,LINE,高意圖,短影音,mobile,1,1,1,0,3.06,0.0,0.42,True
2025-12-08,義大開發,Email,高意圖,短影音,mobile,1,0,0,0,1.15,0.0,0.42,True
2025-12-09,義大開發,YouTube,高意圖,短影音,mobile,1,0,0,0,6.22,0.0,0.42,True
2025-12-10,義大開發,Meta,既有會員,短影音,desktop,1,0,0,0,4.92,0.0,0.42,True
2025-12-11,義大開發,Google,既有會員,短影音,desktop,1,0,0,0,7.18,0.0,0.42,True
2025-12-12,義大開發,LINE,既有會員,短影音,mobile,1,0,0,0,2.89,0.0,0.42,True
2025-12-13,義大開發,Email,既有會員,短影音,desktop,1,0,0,0,1.3,0.0,0.42,True
2025-12-14,義大開發,YouTube,既有會員,短影音,mobile,1,0,0,0,6.34,0.0,0.42,True
2025-12-15,義大開發,Meta,親子家庭,短影音,desktop,1,0,0,0,4.51,0.0,0.42,True
2025-12-16,義大開發,Google,親子家庭,短影音,mobile,1,0,0,0,6.65,0.0,0.42,True
2025-12-17,義大開發,LINE,親子家庭,短影音,desktop,1,1,1,0,3.4,0.0,0.42,True
2025-12-18,義大開發,Email,親子家庭,短影音,mobile,1,0,0,0,1.39,0.0,0.42,True
2025-12-19,義大開發,YouTube,親子家庭,短影音,mobile,1,0,0,0,5.67,0.0,0.42,True
2025-12-20,義大開發,Meta,年輕族群,短影音,mobile,1,0,0,0,4.34,0.0,0.42,True
2025-12-21,義大開發,Google,年輕族群,短影音,mobile,1,0,0,0,8.11,0.0,0.42,True
2025-12-22,義大開發,LINE,年輕族群,短影音,desktop,1,0,0,0,3.44,0.0,0.42,True
2025-12-23,義大開發,Email,年輕族群,短影音,desktop,1,0,0,0,1.1,0.0,0.42,True
2025-12-24,義大開發,YouTube,年輕族群,短影音,mobile,1,0,0,0,5.38,0.0,0.42,True
2025-12-25,義大開發,Meta,新客探索,情境圖文,mobile,1,0,0,0,4.01,0.0,0.42,True
2025-12-26,義大開發,Google,新客探索,情境圖文,mobile,1,0,0,0,6.99,0.0,0.42,True
2025-12-27,義大開發,LINE,新客探索,情境圖文,desktop,1,0,0,0,3.91,0.0,0.42,True
2025-12-28,義大開發,Email,新客探索,情境圖文,desktop,1,0,0,0,0.97,0.0,0.42,True
2025-12-29,義大開發,YouTube,新客探索,情境圖文,mobile,1,0,0,0,4.76,0.0,0.42,True
2025-10-01,義大開發,Meta,高意圖,情境圖文,mobile,1,0,0,0,4.12,0.0,0.42,True
2025-10-02,義大開發,Google,高意圖,情境圖文,mobile,1,1,1,0,6.23,0.0,0.42,True
2025-10-03,義大開發,LINE,高意圖,情境圖文,desktop,1,1,1,1,3.91,8094.14,0.42,True
2025-10-04,義大開發,Email,高意圖,情境圖文,mobile,1,0,0,0,1.39,0.0,0.42,True
2025-10-05,義大開發,YouTube,高意圖,情境圖文,mobile,1,0,0,0,5.0,0.0,0.42,True
2025-10-06,義大開發,Meta,既有會員,情境圖文,mobile,1,0,0,0,4.52,0.0,0.42,True
2025-10-07,義大開發,Google,既有會員,情境圖文,mobile,1,0,0,0,8.64,0.0,0.42,True
2025-10-08,義大開發,LINE,既有會員,情境圖文,mobile,1,0,0,0,3.89,0.0,0.42,True
2025-10-09,義大開發,Email,既有會員,情境圖文,desktop,1,0,0,0,1.03,0.0,0.42,True
2025-10-10,義大開發,YouTube,既有會員,情境圖文,mobile,1,0,0,0,5.6,0.0,0.42,True
2025-10-11,義大開發,Meta,親子家庭,情境圖文,mobile,1,0,0,0,4.57,0.0,0.42,True
2025-10-12,義大開發,Google,親子家庭,情境圖文,mobile,1,0,0,0,8.06,0.0,0.42,True
2025-10-13,義大開發,LINE,親子家庭,情境圖文,desktop,1,0,0,0,3.12,0.0,0.42,True
2025-10-14,義大開發,Email,親子家庭,情境圖文,mobile,1,0,0,0,1.33,0.0,0.42,True
2025-10-15,義大開發,YouTube,親子家庭,情境圖文,mobile,1,1,1,0,4.77,0.0,0.42,True
2025-10-16,義大開發,Meta,年輕族群,情境圖文,mobile,1,0,0,0,4.5,0.0,0.42,True
2025-10-17,義大開發,Google,年輕族群,情境圖文,desktop,1,0,0,0,6.82,0.0,0.42,True
2025-10-18,義大開發,LINE,年輕族群,情境圖文,mobile,1,0,0,0,3.47,0.0,0.42,True
2025-10-19,義大開發,Email,年輕族群,情境圖文,mobile,1,0,0,0,1.38,0.0,0.42,True
2025-10-20,義大開發,YouTube,年輕族群,情境圖文,mobile,1,0,0,0,5.57,0.0,0.42,True
2025-10-21,義大開發,Meta,新客探索,優惠訊息,mobile,1,0,0,0,4.33,0.0,0.42,True
2025-10-22,義大開發,Google,新客探索,優惠訊息,mobile,1,0,0,0,7.47,0.0,0.42,True
2025-10-23,義大開發,LINE,新客探索,優惠訊息,mobile,1,1,1,0,3.51,0.0,0.42,True
2025-10-24,義大開發,Email,新客探索,優惠訊息,mobile,1,0,0,0,1.01,0.0,0.42,True
2025-10-25,義大開發,YouTube,新客探索,優惠訊息,mobile,1,0,0,0,5.11,0.0,0.42,True
2025-10-26,義大開發,Meta,高意圖,優惠訊息,desktop,1,0,0,0,4.44,0.0,0.42,True
2025-10-27,義大開發,Google,高意圖,優惠訊息,mobile,1,0,0,0,8.64,0.0,0.42,True
2025-10-28,義大開發,LINE,高意圖,優惠訊息,mobile,1,0,0,0,3.11,0.0,0.42,True
2025-10-29,義大開發,Email,高意圖,優惠訊息,mobile,1,1,1,0,1.32,0.0,0.42,True
2025-10-30,義大開發,YouTube,高意圖,優惠訊息,mobile,1,0,0,0,4.4,0.0,0.42,True
2025-10-31,義大開發,Meta,既有會員,優惠訊息,mobile,1,0,0,0,4.84,0.0,0.42,True
2025-11-01,義大開發,Google,既有會員,優惠訊息,mobile,1,0,0,0,5.96,0.0,0.42,True
2025-11-02,義大開發,LINE,既有會員,優惠訊息,mobile,1,0,0,0,3.32,0.0,0.42,True
2025-11-03,義大開發,Email,既有會員,優惠訊息,mobile,1,0,0,0,1.44,0.0,0.42,True
2025-11-04,義大開發,YouTube,既有會員,優惠訊息,mobile,1,0,0,0,4.47,0.0,0.42,True
2025-11-05,義大開發,Meta,親子家庭,優惠訊息,mobile,1,0,0,0,4.73,0.0,0.42,True
2025-11-06,義大開發,Google,親子家庭,優惠訊息,mobile,1,1,1,0,6.46,0.0,0.42,True
2025-11-07,義大開發,LINE,親子家庭,優惠訊息,desktop,1,0,0,0,3.45,0.0,0.42,True
2025-11-08,義大開發,Email,親子家庭,優惠訊息,desktop,1,0,0,0,1.2,0.0,0.42,True
2025-11-09,義大開發,YouTube,親子家庭,優惠訊息,mobile,1,0,0,0,5.66,0.0,0.42,True
2025-11-10,義大開發,Meta,年輕族群,優惠訊息,mobile,1,0,0,0,5.2,0.0,0.42,True
2025-11-11,義大開發,Google,年輕族群,優惠訊息,mobile,1,0,0,0,6.52,0.0,0.42,True
2025-11-12,義大開發,LINE,年輕族群,優惠訊息,mobile,1,0,0,0,4.26,0.0,0.42,True
2025-11-13,義大開發,Email,年輕族群,優惠訊息,mobile,1,0,0,0,1.31,0.0,0.42,True
2025-11-14,義大開發,YouTube,年輕族群,優惠訊息,mobile,1,0,0,0,5.68,0.0,0.42,True
2025-11-15,義大開發,Meta,新客探索,知識內容,desktop,1,0,0,0,4.54,0.0,0.42,True
2025-11-16,義大開發,Google,新客探索,知識內容,mobile,1,0,0,0,7.19,0.0,0.42,True
2025-11-17,義大開發,LINE,新客探索,知識內容,mobile,1,0,0,0,4.18,0.0,0.42,True
2025-11-18,義大開發,Email,新客探索,知識內容,mobile,1,0,0,0,1.15,0.0,0.42,True
2025-11-19,義大開發,YouTube,新客探索,知識內容,desktop,1,0,0,0,5.06,0.0,0.42,True
2025-11-20,義大開發,Meta,高意圖,知識內容,mobile,1,0,0,0,4.8,0.0,0.42,True
2025-11-21,義大開發,Google,高意圖,知識內容,desktop,1,0,0,0,8.15,0.0,0.42,True
2025-11-22,義大開發,LINE,高意圖,知識內容,mobile,1,0,0,0,2.91,0.0,0.42,True
2025-11-23,義大開發,Email,高意圖,知識內容,mobile,1,0,0,0,1.23,0.0,0.42,True
2025-11-24,義大開發,YouTube,高意圖,知識內容,desktop,1,0,0,0,4.78,0.0,0.42,True
2025-11-25,義大開發,Meta,既有會員,知識內容,mobile,1,0,0,0,5.46,0.0,0.42,True
2025-11-26,義大開發,Google,既有會員,知識內容,mobile,1,0,0,0,8.27,0.0,0.42,True
2025-11-27,義大開發,LINE,既有會員,知識內容,mobile,1,0,0,0,3.33,0.0,0.42,True
2025-11-28,義大開發,Email,既有會員,知識內容,mobile,1,0,0,0,1.23,0.0,0.42,True
2025-11-29,義大開發,YouTube,既有會員,知識內容,mobile,1,0,0,0,4.7,0.0,0.42,True
2025-11-30,義大開發,Meta,親子家庭,知識內容,mobile,1,0,0,0,4.57,0.0,0.42,True
2025-12-01,義大開發,Google,親子家庭,知識內容,mobile,1,0,0,0,6.48,0.0,0.42,True
2025-12-02,義大開發,LINE,親子家庭,知識內容,mobile,1,0,0,0,3.28,0.0,0.42,True
2025-12-03,義大開發,Email,親子家庭,知識內容,desktop,1,0,0,0,1.03,0.0,0.42,True
2025-12-04,義大開發,YouTube,親子家庭,知識內容,mobile,1,0,0,0,6.4,0.0,0.42,True
2025-12-05,義大開發,Meta,年輕族群,知識內容,mobile,1,0,0,0,5.71,0.0,0.42,True
2025-12-06,義大開發,Google,年輕族群,知識內容,desktop,1,0,0,0,7.62,0.0,0.42,True
2025-12-07,義大開發,LINE,年輕族群,知識內容,mobile,1,0,0,0,4.17,0.0,0.42,True
2025-12-08,義大開發,Email,年輕族群,知識內容,desktop,1,0,0,0,1.42,0.0,0.42,True
2025-12-09,義大開發,YouTube,年輕族群,知識內容,mobile,1,0,0,0,5.68,0.0,0.42,True
2025-12-10,義大開發,Meta,新客探索,短影音,desktop,1,0,0,0,5.17,0.0,0.42,True
2025-12-11,義大開發,Google,新客探索,短影音,mobile,1,1,1,0,6.36,0.0,0.42,True
2025-12-12,義大開發,LINE,新客探索,短影音,mobile,1,0,0,0,4.29,0.0,0.42,True
2025-12-13,義大開發,Email,新客探索,短影音,desktop,1,0,0,0,1.27,0.0,0.42,True
2025-12-14,義大開發,YouTube,新客探索,短影音,mobile,1,0,0,0,5.05,0.0,0.42,True
2025-12-15,義大開發,Meta,高意圖,短影音,desktop,1,0,0,0,5.3,0.0,0.42,True
2025-12-16,義大開發,Google,高意圖,短影音,mobile,1,1,1,0,6.55,0.0,0.42,True
2025-12-17,義大開發,LINE,高意圖,短影音,mobile,1,0,0,0,3.63,0.0,0.42,True
2025-12-18,義大開發,Email,高意圖,短影音,mobile,1,0,0,0,1.05,0.0,0.42,True
2025-12-19,義大開發,YouTube,高意圖,短影音,mobile,1,0,0,0,5.84,0.0,0.42,True
2025-12-20,義大開發,Meta,既有會員,短影音,mobile,1,0,0,0,5.58,0.0,0.42,True
2025-12-21,義大開發,Google,既有會員,短影音,mobile,1,0,0,0,8.03,0.0,0.42,True
2025-12-22,義大開發,LINE,既有會員,短影音,mobile,1,0,0,0,4.18,0.0,0.42,True
2025-12-23,義大開發,Email,既有會員,短影音,mobile,1,0,0,0,1.02,0.0,0.42,True
2025-12-24,義大開發,YouTube,既有會員,短影音,mobile,1,0,0,0,6.35,0.0,0.42,True
2025-12-25,義大開發,Meta,親子家庭,短影音,desktop,1,0,0,0,3.95,0.0,0.42,True
2025-12-26,義大開發,Google,親子家庭,短影音,mobile,1,0,0,0,8.23,0.0,0.42,True
2025-12-27,義大開發,LINE,親子家庭,短影音,mobile,1,0,0,0,4.0,0.0,0.42,True
2025-12-28,義大開發,Email,親子家庭,短影音,mobile,1,1,1,0,1.08,0.0,0.42,True
2025-12-29,義大開發,YouTube,親子家庭,短影音,mobile,1,0,0,0,6.03,0.0,0.42,True
2025-10-01,義大開發,Meta,年輕族群,短影音,mobile,1,0,0,0,5.7,0.0,0.42,True
2025-10-02,義大開發,Google,年輕族群,短影音,mobile,1,0,0,0,8.39,0.0,0.42,True
2025-10-03,義大開發,LINE,年輕族群,短影音,mobile,1,0,0,0,4.12,0.0,0.42,True
2025-10-04,義大開發,Email,年輕族群,短影音,mobile,1,0,0,0,1.07,0.0,0.42,True
2025-10-05,義大開發,YouTube,年輕族群,短影音,mobile,1,0,0,0,6.11,0.0,0.42,True
2025-10-06,義大開發,Meta,新客探索,情境圖文,mobile,1,0,0,0,4.88,0.0,0.42,True
2025-10-07,義大開發,Google,新客探索,情境圖文,mobile,1,0,0,0,7.62,0.0,0.42,True
2025-10-08,義大開發,LINE,新客探索,情境圖文,mobile,1,0,0,0,3.99,0.0,0.42,True
2025-10-09,義大開發,Email,新客探索,情境圖文,mobile,1,0,0,0,1.1,0.0,0.42,True
2025-10-10,義大開發,YouTube,新客探索,情境圖文,mobile,1,0,0,0,4.88,0.0,0.42,True
2025-10-11,義大開發,Meta,高意圖,情境圖文,desktop,1,0,0,0,4.1,0.0,0.42,True
2025-10-12,義大開發,Google,高意圖,情境圖文,desktop,1,0,0,0,7.49,0.0,0.42,True
2025-10-13,義大開發,LINE,高意圖,情境圖文,mobile,1,0,0,0,4.3,0.0,0.42,True
2025-10-14,義大開發,Email,高意圖,情境圖文,desktop,1,0,0,0,1.05,0.0,0.42,True
2025-10-15,義大開發,YouTube,高意圖,情境圖文,mobile,1,0,0,0,4.9,0.0,0.42,True
2025-10-16,義大開發,Meta,既有會員,情境圖文,mobile,1,0,0,0,5.29,0.0,0.42,True
2025-10-17,義大開發,Google,既有會員,情境圖文,desktop,1,0,0,0,8.53,0.0,0.42,True
2025-10-18,義大開發,LINE,既有會員,情境圖文,mobile,1,0,0,0,2.9,0.0,0.42,True
2025-10-19,義大開發,Email,既有會員,情境圖文,mobile,1,0,0,0,1.07,0.0,0.42,True
2025-10-20,義大開發,YouTube,既有會員,情境圖文,mobile,1,0,0,0,4.79,0.0,0.42,True
2025-10-21,義大開發,Meta,親子家庭,情境圖文,mobile,1,0,0,0,5.51,0.0,0.42,True
2025-10-22,義大開發,Google,親子家庭,情境圖文,mobile,1,0,0,0,6.58,0.0,0.42,True
2025-10-23,義大開發,LINE,親子家庭,情境圖文,mobile,1,0,0,0,4.12,0.0,0.42,True
2025-10-24,義大開發,Email,親子家庭,情境圖文,desktop,1,0,0,0,1.43,0.0,0.42,True
2025-10-25,義大開發,YouTube,親子家庭,情境圖文,mobile,1,1,0,0,4.76,0.0,0.42,True
2025-10-26,義大開發,Meta,年輕族群,情境圖文,mobile,1,0,0,0,4.63,0.0,0.42,True
2025-10-27,義大開發,Google,年輕族群,情境圖文,mobile,1,0,0,0,7.3,0.0,0.42,True
2025-10-28,義大開發,LINE,年輕族群,情境圖文,mobile,1,0,0,0,4.18,0.0,0.42,True
2025-10-29,義大開發,Email,年輕族群,情境圖文,mobile,1,0,0,0,1.18,0.0,0.42,True
2025-10-30,義大開發,YouTube,年輕族群,情境圖文,mobile,1,0,0,0,5.68,0.0,0.42,True
2025-10-31,義大開發,Meta,新客探索,優惠訊息,mobile,1,0,0,0,4.48,0.0,0.42,True
2025-11-01,義大開發,Google,新客探索,優惠訊息,mobile,1,0,0,0,8.14,0.0,0.42,True
2025-11-02,義大開發,LINE,新客探索,優惠訊息,mobile,1,0,0,0,3.3,0.0,0.42,True
2025-11-03,義大開發,Email,新客探索,優惠訊息,mobile,1,0,0,0,1.23,0.0,0.42,True
2025-11-04,義大開發,YouTube,新客探索,優惠訊息,mobile,1,0,0,0,4.61,0.0,0.42,True
2025-11-05,義大開發,Meta,高意圖,優惠訊息,desktop,1,0,0,0,5.7,0.0,0.42,True
2025-11-06,義大開發,Google,高意圖,優惠訊息,desktop,1,0,0,0,6.48,0.0,0.42,True
2025-11-07,義大開發,LINE,高意圖,優惠訊息,mobile,1,0,0,0,4.05,0.0,0.42,True
2025-11-08,義大開發,Email,高意圖,優惠訊息,mobile,1,0,0,0,1.38,0.0,0.42,True
2025-11-09,義大開發,YouTube,高意圖,優惠訊息,mobile,1,0,0,0,4.82,0.0,0.42,True
2025-11-10,義大開發,Meta,既有會員,優惠訊息,desktop,1,0,0,0,4.51,0.0,0.42,True
2025-11-11,義大開發,Google,既有會員,優惠訊息,mobile,1,1,1,1,7.5,5537.86,0.42,True
2025-11-12,義大開發,LINE,既有會員,優惠訊息,mobile,1,0,0,0,4.11,0.0,0.42,True
2025-11-13,義大開發,Email,既有會員,優惠訊息,mobile,1,0,0,0,0.98,0.0,0.42,True
2025-11-14,義大開發,YouTube,既有會員,優惠訊息,desktop,1,0,0,0,5.21,0.0,0.42,True
2025-11-15,義大開發,Meta,親子家庭,優惠訊息,mobile,1,0,0,0,5.11,0.0,0.42,True
2025-11-16,義大開發,Google,親子家庭,優惠訊息,mobile,1,0,0,0,6.93,0.0,0.42,True
2025-11-17,義大開發,LINE,親子家庭,優惠訊息,desktop,1,0,0,0,4.16,0.0,0.42,True
2025-11-18,義大開發,Email,親子家庭,優惠訊息,mobile,1,0,0,0,1.36,0.0,0.42,True
2025-11-19,義大開發,YouTube,親子家庭,優惠訊息,desktop,1,0,0,0,4.73,0.0,0.42,True
2025-11-20,義大開發,Meta,年輕族群,優惠訊息,mobile,1,0,0,0,5.38,0.0,0.42,True
2025-11-21,義大開發,Google,年輕族群,優惠訊息,desktop,1,0,0,0,6.59,0.0,0.42,True
2025-11-22,義大開發,LINE,年輕族群,優惠訊息,mobile,1,1,0,0,2.94,0.0,0.42,True
2025-11-23,義大開發,Email,年輕族群,優惠訊息,mobile,1,0,0,0,1.13,0.0,0.42,True
2025-11-24,義大開發,YouTube,年輕族群,優惠訊息,mobile,1,0,0,0,5.87,0.0,0.42,True
2025-11-25,義大開發,Meta,新客探索,知識內容,mobile,1,0,0,0,4.96,0.0,0.42,True
2025-11-26,義大開發,Google,新客探索,知識內容,mobile,1,1,1,0,7.27,0.0,0.42,True
2025-11-27,義大開發,LINE,新客探索,知識內容,mobile,1,0,0,0,3.58,0.0,0.42,True
2025-11-28,義大開發,Email,新客探索,知識內容,mobile,1,1,1,0,1.04,0.0,0.42,True
2025-11-29,義大開發,YouTube,新客探索,知識內容,mobile,1,0,0,0,5.12,0.0,0.42,True
2025-11-30,義大開發,Meta,高意圖,知識內容,mobile,1,0,0,0,5.28,0.0,0.42,True
2025-12-01,義大開發,Google,高意圖,知識內容,desktop,1,1,1,0,7.08,0.0,0.42,True
2025-12-02,義大開發,LINE,高意圖,知識內容,mobile,1,0,0,0,3.36,0.0,0.42,True
2025-12-03,義大開發,Email,高意圖,知識內容,desktop,1,0,0,0,1.32,0.0,0.42,True
2025-12-04,義大開發,YouTube,高意圖,知識內容,mobile,1,0,0,0,6.52,0.0,0.42,True
2025-12-05,義大開發,Meta,既有會員,知識內容,desktop,1,0,0,0,4.9,0.0,0.42,True
2025-12-06,義大開發,Google,既有會員,知識內容,desktop,1,0,0,0,5.9,0.0,0.42,True
2025-12-07,義大開發,LINE,既有會員,知識內容,mobile,1,0,0,0,3.61,0.0,0.42,True
2025-12-08,義大開發,Email,既有會員,知識內容,mobile,1,0,0,0,1.12,0.0,0.42,True
2025-12-09,義大開發,YouTube,既有會員,知識內容,mobile,1,0,0,0,4.98,0.0,0.42,True
2025-12-10,義大開發,Meta,親子家庭,知識內容,mobile,1,0,0,0,5.6,0.0,0.42,True
2025-12-11,義大開發,Google,親子家庭,知識內容,mobile,1,0,0,0,8.16,0.0,0.42,True
2025-12-12,義大開發,LINE,親子家庭,知識內容,mobile,1,0,0,0,3.11,0.0,0.42,True
2025-12-13,義大開發,Email,親子家庭,知識內容,desktop,1,0,0,0,1.03,0.0,0.42,True
2025-12-14,義大開發,YouTube,親子家庭,知識內容,mobile,1,0,0,0,4.68,0.0,0.42,True
2025-12-15,義大開發,Meta,年輕族群,知識內容,mobile,1,0,0,0,5.64,0.0,0.42,True
2025-12-16,義大開發,Google,年輕族群,知識內容,desktop,1,0,0,0,8.07,0.0,0.42,True
2025-12-17,義大開發,LINE,年輕族群,知識內容,mobile,1,0,0,0,4.26,0.0,0.42,True
2025-12-18,義大開發,Email,年輕族群,知識內容,mobile,1,0,0,0,1.17,0.0,0.42,True
2025-12-19,義大開發,YouTube,年輕族群,知識內容,mobile,1,0,0,0,6.51,0.0,0.42,True
2025-12-20,義大開發,Meta,新客探索,短影音,desktop,1,0,0,0,4.34,0.0,0.42,True
2025-12-21,義大開發,Google,新客探索,短影音,mobile,1,1,1,0,6.45,0.0,0.42,True
2025-12-22,義大開發,LINE,新客探索,短影音,mobile,1,0,0,0,3.93,0.0,0.42,True
2025-12-23,義大開發,Email,新客探索,短影音,mobile,1,0,0,0,1.41,0.0,0.42,True
2025-12-24,義大開發,YouTube,新客探索,短影音,mobile,1,0,0,0,5.9,0.0,0.42,True
2025-12-25,義大開發,Meta,高意圖,短影音,mobile,1,0,0,0,5.22,0.0,0.42,True
2025-12-26,義大開發,Google,高意圖,短影音,mobile,1,0,0,0,5.97,0.0,0.42,True
2025-12-27,義大開發,LINE,高意圖,短影音,mobile,1,1,0,0,3.9,0.0,0.42,True
2025-12-28,義大開發,Email,高意圖,短影音,mobile,1,0,0,0,1.35,0.0,0.42,True
2025-12-29,義大開發,YouTube,高意圖,短影音,desktop,1,0,0,0,5.67,0.0,0.42,True
2025-10-01,義大開發,Meta,既有會員,短影音,mobile,1,0,0,0,4.64,0.0,0.42,True
2025-10-02,義大開發,Google,既有會員,短影音,mobile,1,0,0,0,7.86,0.0,0.42,True
2025-10-03,義大開發,LINE,既有會員,短影音,mobile,1,0,0,0,3.54,0.0,0.42,True
2025-10-04,義大開發,Email,既有會員,短影音,mobile,1,0,0,0,1.3,0.0,0.42,True
2025-10-05,義大開發,YouTube,既有會員,短影音,mobile,1,0,0,0,6.06,0.0,0.42,True
2025-10-06,義大開發,Meta,親子家庭,短影音,mobile,1,0,0,0,5.2,0.0,0.42,True
2025-10-07,義大開發,Google,親子家庭,短影音,mobile,1,1,0,0,6.91,0.0,0.42,True
2025-10-08,義大開發,LINE,親子家庭,短影音,desktop,1,1,1,0,3.76,0.0,0.42,True
2025-10-09,義大開發,Email,親子家庭,短影音,mobile,1,0,0,0,0.96,0.0,0.42,True
2025-10-10,義大開發,YouTube,親子家庭,短影音,mobile,1,0,0,0,5.81,0.0,0.42,True
2025-10-11,義大開發,Meta,年輕族群,短影音,mobile,1,0,0,0,5.26,0.0,0.42,True
2025-10-12,義大開發,Google,年輕族群,短影音,mobile,1,0,0,0,7.39,0.0,0.42,True
2025-10-13,義大開發,LINE,年輕族群,短影音,mobile,1,0,0,0,3.85,0.0,0.42,True
2025-10-14,義大開發,Email,年輕族群,短影音,mobile,1,1,0,0,1.01,0.0,0.42,True
2025-10-15,義大開發,YouTube,年輕族群,短影音,mobile,1,1,1,1,6.0,6675.61,0.42,True
2025-10-16,義大開發,Meta,新客探索,情境圖文,mobile,1,0,0,0,4.43,0.0,0.42,True
2025-10-17,義大開發,Google,新客探索,情境圖文,mobile,1,0,0,0,6.52,0.0,0.42,True
2025-10-18,義大開發,LINE,新客探索,情境圖文,mobile,1,0,0,0,3.17,0.0,0.42,True
2025-10-19,義大開發,Email,新客探索,情境圖文,mobile,1,0,0,0,1.24,0.0,0.42,True
2025-10-20,義大開發,YouTube,新客探索,情境圖文,mobile,1,0,0,0,5.64,0.0,0.42,True
2025-10-21,義大開發,Meta,高意圖,情境圖文,mobile,1,0,0,0,5.13,0.0,0.42,True
2025-10-22,義大開發,Google,高意圖,情境圖文,desktop,1,0,0,0,6.32,0.0,0.42,True
2025-10-23,義大開發,LINE,高意圖,情境圖文,mobile,1,0,0,0,3.78,0.0,0.42,True
2025-10-24,義大開發,Email,高意圖,情境圖文,mobile,1,0,0,0,1.28,0.0,0.42,True
2025-10-25,義大開發,YouTube,高意圖,情境圖文,mobile,1,0,0,0,5.34,0.0,0.42,True
2025-10-26,義大開發,Meta,既有會員,情境圖文,mobile,1,0,0,0,4.45,0.0,0.42,True
2025-10-27,義大開發,Google,既有會員,情境圖文,mobile,1,0,0,0,6.9,0.0,0.42,True
2025-10-28,義大開發,LINE,既有會員,情境圖文,mobile,1,0,0,0,4.08,0.0,0.42,True
2025-10-29,義大開發,Email,既有會員,情境圖文,mobile,1,1,0,0,0.98,0.0,0.42,True
2025-10-30,義大開發,YouTube,既有會員,情境圖文,mobile,1,0,0,0,5.56,0.0,0.42,True
2025-10-31,義大開發,Meta,親子家庭,情境圖文,mobile,1,0,0,0,5.03,0.0,0.42,True
2025-11-01,義大開發,Google,親子家庭,情境圖文,mobile,1,0,0,0,6.14,0.0,0.42,True
2025-11-02,義大開發,LINE,親子家庭,情境圖文,mobile,1,0,0,0,3.54,0.0,0.42,True
2025-11-03,義大開發,Email,親子家庭,情境圖文,mobile,1,0,0,0,1.44,0.0,0.42,True
2025-11-04,義大開發,YouTube,親子家庭,情境圖文,desktop,1,0,0,0,5.43,0.0,0.42,True
2025-11-05,義大開發,Meta,年輕族群,情境圖文,desktop,1,0,0,0,5.56,0.0,0.42,True
2025-11-06,義大開發,Google,年輕族群,情境圖文,mobile,1,0,0,0,6.06,0.0,0.42,True
2025-11-07,義大開發,LINE,年輕族群,情境圖文,mobile,1,0,0,0,3.89,0.0,0.42,True
2025-11-08,義大開發,Email,年輕族群,情境圖文,desktop,1,0,0,0,1.18,0.0,0.42,True
2025-11-09,義大開發,YouTube,年輕族群,情境圖文,mobile,1,0,0,0,6.39,0.0,0.42,True
2025-11-10,義大開發,Meta,新客探索,優惠訊息,mobile,1,0,0,0,4.27,0.0,0.42,True
2025-11-11,義大開發,Google,新客探索,優惠訊息,mobile,1,1,1,0,7.22,0.0,0.42,True
2025-11-12,義大開發,LINE,新客探索,優惠訊息,mobile,1,0,0,0,3.14,0.0,0.42,True
2025-11-13,義大開發,Email,新客探索,優惠訊息,mobile,1,0,0,0,1.43,0.0,0.42,True
2025-11-14,義大開發,YouTube,新客探索,優惠訊息,mobile,1,0,0,0,4.41,0.0,0.42,True
2025-11-15,義大開發,Meta,高意圖,優惠訊息,mobile,1,0,0,0,5.52,0.0,0.42,True
2025-11-16,義大開發,Google,高意圖,優惠訊息,mobile,1,1,1,0,6.92,0.0,0.42,True
2025-11-17,義大開發,LINE,高意圖,優惠訊息,mobile,1,0,0,0,3.7,0.0,0.42,True
2025-11-18,義大開發,Email,高意圖,優惠訊息,desktop,1,1,1,0,1.22,0.0,0.42,True
2025-11-19,義大開發,YouTube,高意圖,優惠訊息,mobile,1,0,0,0,6.12,0.0,0.42,True
2025-11-20,義大開發,Meta,既有會員,優惠訊息,mobile,1,0,0,0,5.59,0.0,0.42,True
2025-11-21,義大開發,Google,既有會員,優惠訊息,mobile,1,1,1,1,5.92,6591.08,0.42,True
2025-11-22,義大開發,LINE,既有會員,優惠訊息,mobile,1,0,0,0,3.44,0.0,0.42,True
2025-11-23,義大開發,Email,既有會員,優惠訊息,desktop,1,0,0,0,0.99,0.0,0.42,True
2025-11-24,義大開發,YouTube,既有會員,優惠訊息,desktop,1,0,0,0,6.42,0.0,0.42,True
2025-11-25,義大開發,Meta,親子家庭,優惠訊息,desktop,1,0,0,0,4.74,0.0,0.42,True
2025-11-26,義大開發,Google,親子家庭,優惠訊息,mobile,1,0,0,0,6.14,0.0,0.42,True
2025-11-27,義大開發,LINE,親子家庭,優惠訊息,mobile,1,0,0,0,3.71,0.0,0.42,True
2025-11-28,義大開發,Email,親子家庭,優惠訊息,mobile,1,0,0,0,1.36,0.0,0.42,True
2025-11-29,義大開發,YouTube,親子家庭,優惠訊息,desktop,1,0,0,0,5.11,0.0,0.42,True
2025-11-30,義大開發,Meta,年輕族群,優惠訊息,mobile,1,0,0,0,5.38,0.0,0.42,True
2025-12-01,義大開發,Google,年輕族群,優惠訊息,mobile,1,0,0,0,7.23,0.0,0.42,True
2025-12-02,義大開發,LINE,年輕族群,優惠訊息,mobile,1,0,0,0,3.22,0.0,0.42,True
2025-12-03,義大開發,Email,年輕族群,優惠訊息,mobile,1,0,0,0,1.27,0.0,0.42,True
2025-12-04,義大開發,YouTube,年輕族群,優惠訊息,desktop,1,1,1,0,6.21,0.0,0.42,True
2025-12-05,義大開發,Meta,新客探索,知識內容,desktop,1,0,0,0,4.11,0.0,0.42,True
2025-12-06,義大開發,Google,新客探索,知識內容,mobile,1,1,0,0,7.0,0.0,0.42,True
2025-12-07,義大開發,LINE,新客探索,知識內容,mobile,1,0,0,0,3.75,0.0,0.42,True
2025-12-08,義大開發,Email,新客探索,知識內容,mobile,1,0,0,0,1.39,0.0,0.42,True
2025-12-09,義大開發,YouTube,新客探索,知識內容,mobile,1,0,0,0,6.15,0.0,0.42,True
2025-12-10,義大開發,Meta,高意圖,知識內容,mobile,1,0,0,0,4.15,0.0,0.42,True
2025-12-11,義大開發,Google,高意圖,知識內容,mobile,1,0,0,0,6.94,0.0,0.42,True
2025-12-12,義大開發,LINE,高意圖,知識內容,desktop,1,0,0,0,4.21,0.0,0.42,True
2025-12-13,義大開發,Email,高意圖,知識內容,mobile,1,0,0,0,1.18,0.0,0.42,True
2025-12-14,義大開發,YouTube,高意圖,知識內容,mobile,1,0,0,0,6.08,0.0,0.42,True
2025-12-15,義大開發,Meta,既有會員,知識內容,mobile,1,0,0,0,4.7,0.0,0.42,True
2025-12-16,義大開發,Google,既有會員,知識內容,mobile,1,1,0,0,8.35,0.0,0.42,True
2025-12-17,義大開發,LINE,既有會員,知識內容,desktop,1,0,0,0,3.29,0.0,0.42,True
2025-12-18,義大開發,Email,既有會員,知識內容,mobile,1,0,0,0,1.36,0.0,0.42,True
2025-12-19,義大開發,YouTube,既有會員,知識內容,mobile,1,0,0,0,5.9,0.0,0.42,True
2025-12-20,義大開發,Meta,親子家庭,知識內容,mobile,1,0,0,0,4.11,0.0,0.42,True
2025-12-21,義大開發,Google,親子家庭,知識內容,desktop,1,0,0,0,7.05,0.0,0.42,True
2025-12-22,義大開發,LINE,親子家庭,知識內容,mobile,1,0,0,0,3.4,0.0,0.42,True
2025-12-23,義大開發,Email,親子家庭,知識內容,desktop,1,0,0,0,1.09,0.0,0.42,True
2025-12-24,義大開發,YouTube,親子家庭,知識內容,desktop,1,0,0,0,6.58,0.0,0.42,True
2025-12-25,義大開發,Meta,年輕族群,知識內容,mobile,1,0,0,0,3.91,0.0,0.42,True
2025-12-26,義大開發,Google,年輕族群,知識內容,mobile,1,0,0,0,6.78,0.0,0.42,True
2025-12-27,義大開發,LINE,年輕族群,知識內容,mobile,1,1,1,0,2.95,0.0,0.42,True
2025-12-28,義大開發,Email,年輕族群,知識內容,mobile,1,0,0,0,1.19,0.0,0.42,True
2025-12-29,義大開發,YouTube,年輕族群,知識內容,mobile,1,0,0,0,4.53,0.0,0.42,True
2025-10-01,義大開發,Meta,新客探索,短影音,mobile,1,0,0,0,4.29,0.0,0.42,True
2025-10-02,義大開發,Google,新客探索,短影音,mobile,1,0,0,0,8.34,0.0,0.42,True
2025-10-03,義大開發,LINE,新客探索,短影音,mobile,1,0,0,0,3.66,0.0,0.42,True
2025-10-04,義大開發,Email,新客探索,短影音,mobile,1,1,1,0,0.99,0.0,0.42,True
2025-10-05,義大開發,YouTube,新客探索,短影音,mobile,1,0,0,0,4.85,0.0,0.42,True
2025-10-06,義大開發,Meta,高意圖,短影音,mobile,1,0,0,0,5.13,0.0,0.42,True
2025-10-07,義大開發,Google,高意圖,短影音,desktop,1,1,1,1,7.29,6416.64,0.42,True
2025-10-08,義大開發,LINE,高意圖,短影音,mobile,1,0,0,0,4.3,0.0,0.42,True
2025-10-09,義大開發,Email,高意圖,短影音,mobile,1,0,0,0,1.23,0.0,0.42,True
2025-10-10,義大開發,YouTube,高意圖,短影音,mobile,1,0,0,0,5.35,0.0,0.42,True
2025-10-11,義大開發,Meta,既有會員,短影音,mobile,1,0,0,0,5.25,0.0,0.42,True
2025-10-12,義大開發,Google,既有會員,短影音,mobile,1,0,0,0,5.93,0.0,0.42,True
2025-10-13,義大開發,LINE,既有會員,短影音,mobile,1,1,1,0,3.77,0.0,0.42,True
2025-10-14,義大開發,Email,既有會員,短影音,mobile,1,0,0,0,1.43,0.0,0.42,True
2025-10-15,義大開發,YouTube,既有會員,短影音,desktop,1,0,0,0,4.56,0.0,0.42,True
2025-10-16,義大開發,Meta,親子家庭,短影音,mobile,1,0,0,0,4.28,0.0,0.42,True
2025-10-17,義大開發,Google,親子家庭,短影音,mobile,1,0,0,0,6.21,0.0,0.42,True
2025-10-18,義大開發,LINE,親子家庭,短影音,mobile,1,0,0,0,3.9,0.0,0.42,True
2025-10-19,義大開發,Email,親子家庭,短影音,mobile,1,0,0,0,1.3,0.0,0.42,True
2025-10-20,義大開發,YouTube,親子家庭,短影音,desktop,1,0,0,0,6.55,0.0,0.42,True
2025-10-21,義大開發,Meta,年輕族群,短影音,desktop,1,0,0,0,5.27,0.0,0.42,True
2025-10-22,義大開發,Google,年輕族群,短影音,mobile,1,0,0,0,6.4,0.0,0.42,True
2025-10-23,義大開發,LINE,年輕族群,短影音,mobile,1,0,0,0,3.41,0.0,0.42,True
2025-10-24,義大開發,Email,年輕族群,短影音,mobile,1,0,0,0,1.22,0.0,0.42,True
2025-10-25,義大開發,YouTube,年輕族群,短影音,desktop,1,0,0,0,5.11,0.0,0.42,True
2025-10-26,義大開發,Meta,新客探索,情境圖文,desktop,1,0,0,0,5.04,0.0,0.42,True
2025-10-27,義大開發,Google,新客探索,情境圖文,mobile,1,0,0,0,6.08,0.0,0.42,True
2025-10-28,義大開發,LINE,新客探索,情境圖文,desktop,1,0,0,0,2.98,0.0,0.42,True
2025-10-29,義大開發,Email,新客探索,情境圖文,mobile,1,0,0,0,1.02,0.0,0.42,True
2025-10-30,義大開發,YouTube,新客探索,情境圖文,mobile,1,0,0,0,6.31,0.0,0.42,True
2025-10-31,義大開發,Meta,高意圖,情境圖文,mobile,1,0,0,0,5.13,0.0,0.42,True
2025-11-01,義大開發,Google,高意圖,情境圖文,mobile,1,0,0,0,7.01,0.0,0.42,True
2025-11-02,義大開發,LINE,高意圖,情境圖文,mobile,1,0,0,0,3.12,0.0,0.42,True
2025-11-03,義大開發,Email,高意圖,情境圖文,mobile,1,0,0,0,1.29,0.0,0.42,True
2025-11-04,義大開發,YouTube,高意圖,情境圖文,desktop,1,0,0,0,4.99,0.0,0.42,True
2025-11-05,義大開發,Meta,既有會員,情境圖文,mobile,1,0,0,0,5.07,0.0,0.42,True
2025-11-06,義大開發,Google,既有會員,情境圖文,mobile,1,0,0,0,8.4,0.0,0.42,True
2025-11-07,義大開發,LINE,既有會員,情境圖文,mobile,1,0,0,0,3.94,0.0,0.42,True
2025-11-08,義大開發,Email,既有會員,情境圖文,mobile,1,0,0,0,1.09,0.0,0.42,True
2025-11-09,義大開發,YouTube,既有會員,情境圖文,mobile,1,0,0,0,6.0,0.0,0.42,True
2025-11-10,義大開發,Meta,親子家庭,情境圖文,mobile,1,0,0,0,4.53,0.0,0.42,True
2025-11-11,義大開發,Google,親子家庭,情境圖文,mobile,1,0,0,0,8.35,0.0,0.42,True
2025-11-12,義大開發,LINE,親子家庭,情境圖文,mobile,1,0,0,0,3.46,0.0,0.42,True
2025-11-13,義大開發,Email,親子家庭,情境圖文,desktop,1,1,1,0,1.15,0.0,0.42,True
2025-11-14,義大開發,YouTube,親子家庭,情境圖文,mobile,1,0,0,0,4.77,0.0,0.42,True
2025-11-15,義大開發,Meta,年輕族群,情境圖文,mobile,1,1,1,0,3.95,0.0,0.42,True
2025-11-16,義大開發,Google,年輕族群,情境圖文,desktop,1,0,0,0,5.91,0.0,0.42,True
2025-11-17,義大開發,LINE,年輕族群,情境圖文,mobile,1,1,1,0,4.32,0.0,0.42,True
2025-11-18,義大開發,Email,年輕族群,情境圖文,mobile,1,0,0,0,1.05,0.0,0.42,True
2025-11-19,義大開發,YouTube,年輕族群,情境圖文,mobile,1,0,0,0,6.37,0.0,0.42,True
2025-11-20,義大開發,Meta,新客探索,優惠訊息,mobile,1,0,0,0,5.69,0.0,0.42,True
2025-11-21,義大開發,Google,新客探索,優惠訊息,mobile,1,0,0,0,8.07,0.0,0.42,True
2025-11-22,義大開發,LINE,新客探索,優惠訊息,desktop,1,0,0,0,3.22,0.0,0.42,True
2025-11-23,義大開發,Email,新客探索,優惠訊息,desktop,1,0,0,0,1.32,0.0,0.42,True
2025-11-24,義大開發,YouTube,新客探索,優惠訊息,mobile,1,0,0,0,6.48,0.0,0.42,True
2025-11-25,義大開發,Meta,高意圖,優惠訊息,desktop,1,0,0,0,4.22,0.0,0.42,True
2025-11-26,義大開發,Google,高意圖,優惠訊息,mobile,1,1,1,0,5.78,0.0,0.42,True
2025-11-27,義大開發,LINE,高意圖,優惠訊息,mobile,1,0,0,0,3.72,0.0,0.42,True
2025-11-28,義大開發,Email,高意圖,優惠訊息,mobile,1,0,0,0,1.22,0.0,0.42,True
2025-11-29,義大開發,YouTube,高意圖,優惠訊息,mobile,1,0,0,0,6.02,0.0,0.42,True
2025-11-30,義大開發,Meta,既有會員,優惠訊息,mobile,1,0,0,0,5.04,0.0,0.42,True
2025-12-01,義大開發,Google,既有會員,優惠訊息,mobile,1,0,0,0,7.17,0.0,0.42,True
2025-12-02,義大開發,LINE,既有會員,優惠訊息,mobile,1,0,0,0,3.97,0.0,0.42,True
2025-12-03,義大開發,Email,既有會員,優惠訊息,mobile,1,0,0,0,1.05,0.0,0.42,True
2025-12-04,義大開發,YouTube,既有會員,優惠訊息,mobile,1,0,0,0,5.71,0.0,0.42,True
2025-12-05,義大開發,Meta,親子家庭,優惠訊息,mobile,1,0,0,0,5.12,0.0,0.42,True
2025-12-06,義大開發,Google,親子家庭,優惠訊息,mobile,1,0,0,0,5.82,0.0,0.42,True
2025-12-07,義大開發,LINE,親子家庭,優惠訊息,mobile,1,0,0,0,3.17,0.0,0.42,True
2025-12-08,義大開發,Email,親子家庭,優惠訊息,mobile,1,0,0,0,1.17,0.0,0.42,True
2025-12-09,義大開發,YouTube,親子家庭,優惠訊息,mobile,1,0,0,0,5.27,0.0,0.42,True
2025-12-10,義大開發,Meta,年輕族群,優惠訊息,mobile,1,1,1,0,5.2,0.0,0.42,True
2025-12-11,義大開發,Google,年輕族群,優惠訊息,desktop,1,0,0,0,7.38,0.0,0.42,True
2025-12-12,義大開發,LINE,年輕族群,優惠訊息,mobile,1,0,0,0,3.48,0.0,0.42,True
2025-12-13,義大開發,Email,年輕族群,優惠訊息,mobile,1,0,0,0,1.03,0.0,0.42,True
2025-12-14,義大開發,YouTube,年輕族群,優惠訊息,desktop,1,0,0,0,5.11,0.0,0.42,True
2025-12-15,義大開發,Meta,新客探索,知識內容,desktop,1,0,0,0,4.71,0.0,0.42,True
2025-12-16,義大開發,Google,新客探索,知識內容,mobile,1,0,0,0,8.13,0.0,0.42,True
2025-12-17,義大開發,LINE,新客探索,知識內容,mobile,1,0,0,0,4.04,0.0,0.42,True
2025-12-18,義大開發,Email,新客探索,知識內容,mobile,1,0,0,0,1.35,0.0,0.42,True
2025-12-19,義大開發,YouTube,新客探索,知識內容,desktop,1,0,0,0,5.44,0.0,0.42,True
2025-12-20,義大開發,Meta,高意圖,知識內容,mobile,1,1,0,0,5.71,0.0,0.42,True
2025-12-21,義大開發,Google,高意圖,知識內容,desktop,1,1,1,0,7.25,0.0,0.42,True
2025-12-22,義大開發,LINE,高意圖,知識內容,desktop,1,0,0,0,3.22,0.0,0.42,True
2025-12-23,義大開發,Email,高意圖,知識內容,mobile,1,1,0,0,1.36,0.0,0.42,True
2025-12-24,義大開發,YouTube,高意圖,知識內容,mobile,1,0,0,0,5.81,0.0,0.42,True
2025-12-25,義大開發,Meta,既有會員,知識內容,desktop,1,0,0,0,4.36,0.0,0.42,True
2025-12-26,義大開發,Google,既有會員,知識內容,mobile,1,0,0,0,7.88,0.0,0.42,True
2025-12-27,義大開發,LINE,既有會員,知識內容,mobile,1,0,0,0,4.31,0.0,0.42,True
2025-12-28,義大開發,Email,既有會員,知識內容,mobile,1,0,0,0,1.06,0.0,0.42,True
2025-12-29,義大開發,YouTube,既有會員,知識內容,mobile,1,0,0,0,6.11,0.0,0.42,True
2025-10-01,義大開發,Meta,親子家庭,知識內容,mobile,1,0,0,0,4.77,0.0,0.42,True
2025-10-02,義大開發,Google,親子家庭,知識內容,desktop,1,0,0,0,6.8,0.0,0.42,True
2025-10-03,義大開發,LINE,親子家庭,知識內容,desktop,1,0,0,0,3.44,0.0,0.42,True
2025-10-04,義大開發,Email,親子家庭,知識內容,mobile,1,0,0,0,1.28,0.0,0.42,True
2025-10-05,義大開發,YouTube,親子家庭,知識內容,mobile,1,0,0,0,5.54,0.0,0.42,True
2025-10-06,義大開發,Meta,年輕族群,知識內容,desktop,1,0,0,0,4.96,0.0,0.42,True
2025-10-07,義大開發,Google,年輕族群,知識內容,mobile,1,0,0,0,7.62,0.0,0.42,True
2025-10-08,義大開發,LINE,年輕族群,知識內容,mobile,1,0,0,0,3.81,0.0,0.42,True
2025-10-09,義大開發,Email,年輕族群,知識內容,desktop,1,0,0,0,1.44,0.0,0.42,True
2025-10-10,義大開發,YouTube,年輕族群,知識內容,mobile,1,0,0,0,5.28,0.0,0.42,True
2025-10-11,義大開發,Meta,新客探索,短影音,desktop,1,0,0,0,3.99,0.0,0.42,True
2025-10-12,義大開發,Google,新客探索,短影音,mobile,1,0,0,0,8.1,0.0,0.42,True
2025-10-13,義大開發,LINE,新客探索,短影音,mobile,1,0,0,0,3.64,0.0,0.42,True
2025-10-14,義大開發,Email,新客探索,短影音,mobile,1,0,0,0,0.99,0.0,0.42,True
2025-10-15,義大開發,YouTube,新客探索,短影音,mobile,1,0,0,0,5.76,0.0,0.42,True
2025-10-16,義大開發,Meta,高意圖,短影音,desktop,1,0,0,0,4.5,0.0,0.42,True
2025-10-17,義大開發,Google,高意圖,短影音,mobile,1,0,0,0,7.26,0.0,0.42,True
2025-10-18,義大開發,LINE,高意圖,短影音,mobile,1,0,0,0,3.23,0.0,0.42,True
2025-10-19,義大開發,Email,高意圖,短影音,mobile,1,0,0,0,1.12,0.0,0.42,True
2025-10-20,義大開發,YouTube,高意圖,短影音,desktop,1,0,0,0,6.14,0.0,0.42,True
2025-10-21,義大開發,Meta,既有會員,短影音,mobile,1,0,0,0,3.99,0.0,0.42,True
2025-10-22,義大開發,Google,既有會員,短影音,mobile,1,0,0,0,6.59,0.0,0.42,True
2025-10-23,義大開發,LINE,既有會員,短影音,mobile,1,0,0,0,4.19,0.0,0.42,True
2025-10-24,義大開發,Email,既有會員,短影音,mobile,1,0,0,0,1.42,0.0,0.42,True
2025-10-25,義大開發,YouTube,既有會員,短影音,mobile,1,1,1,0,6.53,0.0,0.42,True
2025-10-26,義大開發,Meta,親子家庭,短影音,mobile,1,0,0,0,5.04,0.0,0.42,True
2025-10-27,義大開發,Google,親子家庭,短影音,mobile,1,0,0,0,8.31,0.0,0.42,True
2025-10-28,義大開發,LINE,親子家庭,短影音,mobile,1,0,0,0,3.93,0.0,0.42,True
2025-10-29,義大開發,Email,親子家庭,短影音,mobile,1,0,0,0,1.35,0.0,0.42,True
2025-10-30,義大開發,YouTube,親子家庭,短影音,mobile,1,0,0,0,5.54,0.0,0.42,True
2025-10-31,義大開發,Meta,年輕族群,短影音,desktop,1,0,0,0,5.52,0.0,0.42,True
2025-11-01,義大開發,Google,年輕族群,短影音,mobile,1,0,0,0,6.5,0.0,0.42,True
2025-11-02,義大開發,LINE,年輕族群,短影音,mobile,1,0,0,0,4.05,0.0,0.42,True
2025-11-03,義大開發,Email,年輕族群,短影音,mobile,1,1,1,0,1.37,0.0,0.42,True
2025-11-04,義大開發,YouTube,年輕族群,短影音,mobile,1,0,0,0,5.64,0.0,0.42,True
2025-11-05,義大開發,Meta,新客探索,情境圖文,mobile,1,0,0,0,5.62,0.0,0.42,True
2025-11-06,義大開發,Google,新客探索,情境圖文,mobile,1,0,0,0,6.4,0.0,0.42,True
2025-11-07,義大開發,LINE,新客探索,情境圖文,desktop,1,0,0,0,4.1,0.0,0.42,True
2025-11-08,義大開發,Email,新客探索,情境圖文,desktop,1,0,0,0,1.4,0.0,0.42,True
2025-11-09,義大開發,YouTube,新客探索,情境圖文,mobile,1,0,0,0,5.92,0.0,0.42,True
2025-11-10,義大開發,Meta,高意圖,情境圖文,desktop,1,0,0,0,4.11,0.0,0.42,True
2025-11-11,義大開發,Google,高意圖,情境圖文,desktop,1,0,0,0,6.88,0.0,0.42,True
2025-11-12,義大開發,LINE,高意圖,情境圖文,mobile,1,0,0,0,4.11,0.0,0.42,True
2025-11-13,義大開發,Email,高意圖,情境圖文,desktop,1,1,0,0,0.98,0.0,0.42,True
2025-11-14,義大開發,YouTube,高意圖,情境圖文,mobile,1,0,0,0,4.45,0.0,0.42,True
2025-11-15,義大開發,Meta,既有會員,情境圖文,mobile,1,0,0,0,4.7,0.0,0.42,True
2025-11-16,義大開發,Google,既有會員,情境圖文,mobile,1,0,0,0,7.04,0.0,0.42,True
2025-11-17,義大開發,LINE,既有會員,情境圖文,desktop,1,0,0,0,3.0,0.0,0.42,True
2025-11-18,義大開發,Email,既有會員,情境圖文,desktop,1,0,0,0,1.01,0.0,0.42,True
2025-11-19,義大開發,YouTube,既有會員,情境圖文,mobile,1,0,0,0,4.43,0.0,0.42,True
2025-11-20,義大開發,Meta,親子家庭,情境圖文,mobile,1,0,0,0,5.01,0.0,0.42,True
2025-11-21,義大開發,Google,親子家庭,情境圖文,mobile,1,0,0,0,7.27,0.0,0.42,True
2025-11-22,義大開發,LINE,親子家庭,情境圖文,mobile,1,0,0,0,3.91,0.0,0.42,True
2025-11-23,義大開發,Email,親子家庭,情境圖文,desktop,1,0,0,0,1.19,0.0,0.42,True
2025-11-24,義大開發,YouTube,親子家庭,情境圖文,desktop,1,0,0,0,5.98,0.0,0.42,True
2025-11-25,義大開發,Meta,年輕族群,情境圖文,mobile,1,0,0,0,4.15,0.0,0.42,True
2025-11-26,義大開發,Google,年輕族群,情境圖文,mobile,1,0,0,0,7.2,0.0,0.42,True
2025-11-27,義大開發,LINE,年輕族群,情境圖文,mobile,1,1,1,0,2.93,0.0,0.42,True
2025-11-28,義大開發,Email,年輕族群,情境圖文,mobile,1,0,0,0,1.19,0.0,0.42,True
2025-11-29,義大開發,YouTube,年輕族群,情境圖文,mobile,1,0,0,0,4.99,0.0,0.42,True
2025-11-30,義大開發,Meta,新客探索,優惠訊息,mobile,1,0,0,0,4.25,0.0,0.42,True
2025-12-01,義大開發,Google,新客探索,優惠訊息,desktop,1,0,0,0,8.5,0.0,0.42,True
2025-12-02,義大開發,LINE,新客探索,優惠訊息,mobile,1,0,0,0,3.43,0.0,0.42,True
2025-12-03,義大開發,Email,新客探索,優惠訊息,mobile,1,0,0,0,0.99,0.0,0.42,True
2025-12-04,義大開發,YouTube,新客探索,優惠訊息,mobile,1,0,0,0,5.33,0.0,0.42,True
2025-12-05,義大開發,Meta,高意圖,優惠訊息,mobile,1,0,0,0,4.66,0.0,0.42,True
2025-12-06,義大開發,Google,高意圖,優惠訊息,mobile,1,0,0,0,7.34,0.0,0.42,True
2025-12-07,義大開發,LINE,高意圖,優惠訊息,desktop,1,0,0,0,4.24,0.0,0.42,True
2025-12-08,義大開發,Email,高意圖,優惠訊息,desktop,1,1,1,0,1.01,0.0,0.42,True
2025-12-09,義大開發,YouTube,高意圖,優惠訊息,mobile,1,0,0,0,5.37,0.0,0.42,True
2025-12-10,義大開發,Meta,既有會員,優惠訊息,mobile,1,0,0,0,4.62,0.0,0.42,True
2025-12-11,義大開發,Google,既有會員,優惠訊息,mobile,1,0,0,0,6.91,0.0,0.42,True
2025-12-12,義大開發,LINE,既有會員,優惠訊息,mobile,1,0,0,0,3.83,0.0,0.42,True
2025-12-13,義大開發,Email,既有會員,優惠訊息,mobile,1,0,0,0,1.24,0.0,0.42,True
2025-12-14,義大開發,YouTube,既有會員,優惠訊息,desktop,1,0,0,0,4.73,0.0,0.42,True
2025-12-15,義大開發,Meta,親子家庭,優惠訊息,mobile,1,0,0,0,5.71,0.0,0.42,True
2025-12-16,義大開發,Google,親子家庭,優惠訊息,desktop,1,0,0,0,6.35,0.0,0.42,True
2025-12-17,義大開發,LINE,親子家庭,優惠訊息,mobile,1,0,0,0,3.61,0.0,0.42,True
2025-12-18,義大開發,Email,親子家庭,優惠訊息,mobile,1,0,0,0,1.18,0.0,0.42,True
2025-12-19,義大開發,YouTube,親子家庭,優惠訊息,mobile,1,0,0,0,4.98,0.0,0.42,True
2025-12-20,義大開發,Meta,年輕族群,優惠訊息,mobile,1,0,0,0,3.86,0.0,0.42,True
2025-12-21,義大開發,Google,年輕族群,優惠訊息,mobile,1,0,0,0,6.54,0.0,0.42,True
2025-12-22,義大開發,LINE,年輕族群,優惠訊息,mobile,1,0,0,0,3.73,0.0,0.42,True
2025-12-23,義大開發,Email,年輕族群,優惠訊息,mobile,1,1,0,0,1.29,0.0,0.42,True
2025-12-24,義大開發,YouTube,年輕族群,優惠訊息,mobile,1,0,0,0,5.3,0.0,0.42,True
2025-12-25,義大開發,Meta,新客探索,知識內容,desktop,1,0,0,0,4.97,0.0,0.42,True
2025-12-26,義大開發,Google,新客探索,知識內容,desktop,1,0,0,0,8.57,0.0,0.42,True
2025-12-27,義大開發,LINE,新客探索,知識內容,mobile,1,0,0,0,4.05,0.0,0.42,True
2025-12-28,義大開發,Email,新客探索,知識內容,mobile,1,0,0,0,1.26,0.0,0.42,True
2025-12-29,義大開發,YouTube,新客探索,知識內容,desktop,1,0,0,0,5.68,0.0,0.42,True
2025-10-01,義大開發,Meta,高意圖,知識內容,mobile,1,0,0,0,5.06,0.0,0.42,True
2025-10-02,義大開發,Google,高意圖,知識內容,mobile,1,0,0,0,5.89,0.0,0.42,True
2025-10-03,義大開發,LINE,高意圖,知識內容,desktop,1,0,0,0,3.3,0.0,0.42,True
2025-10-04,義大開發,Email,高意圖,知識內容,mobile,1,0,0,0,1.32,0.0,0.42,True
2025-10-05,義大開發,YouTube,高意圖,知識內容,mobile,1,0,0,0,5.57,0.0,0.42,True
2025-10-06,義大開發,Meta,既有會員,知識內容,mobile,1,1,0,0,4.86,0.0,0.42,True
2025-10-07,義大開發,Google,既有會員,知識內容,mobile,1,0,0,0,7.3,0.0,0.42,True
2025-10-08,義大開發,LINE,既有會員,知識內容,mobile,1,0,0,0,3.6,0.0,0.42,True
2025-10-09,義大開發,Email,既有會員,知識內容,mobile,1,0,0,0,1.41,0.0,0.42,True
2025-10-10,義大開發,YouTube,既有會員,知識內容,mobile,1,0,0,0,6.1,0.0,0.42,True
2025-10-11,義大開發,Meta,親子家庭,知識內容,mobile,1,0,0,0,4.3,0.0,0.42,True
2025-10-12,義大開發,Google,親子家庭,知識內容,mobile,1,0,0,0,7.22,0.0,0.42,True
2025-10-13,義大開發,LINE,親子家庭,知識內容,mobile,1,1,0,0,3.42,0.0,0.42,True
2025-10-14,義大開發,Email,親子家庭,知識內容,mobile,1,1,0,0,1.31,0.0,0.42,True
2025-10-15,義大開發,YouTube,親子家庭,知識內容,mobile,1,0,0,0,6.47,0.0,0.42,True
2025-10-16,義大開發,Meta,年輕族群,知識內容,desktop,1,0,0,0,4.23,0.0,0.42,True
2025-10-17,義大開發,Google,年輕族群,知識內容,mobile,1,0,0,0,7.56,0.0,0.42,True
2025-10-18,義大開發,LINE,年輕族群,知識內容,desktop,1,0,0,0,3.09,0.0,0.42,True
2025-10-19,義大開發,Email,年輕族群,知識內容,mobile,1,0,0,0,0.97,0.0,0.42,True
2025-10-20,義大開發,YouTube,年輕族群,知識內容,desktop,1,0,0,0,5.71,0.0,0.42,True
2025-10-21,義大開發,Meta,新客探索,短影音,mobile,1,0,0,0,3.97,0.0,0.42,True
2025-10-22,義大開發,Google,新客探索,短影音,mobile,1,1,1,0,6.24,0.0,0.42,True
2025-10-23,義大開發,LINE,新客探索,短影音,mobile,1,0,0,0,3.5,0.0,0.42,True
2025-10-24,義大開發,Email,新客探索,短影音,mobile,1,0,0,0,1.0,0.0,0.42,True
2025-10-25,義大開發,YouTube,新客探索,短影音,mobile,1,0,0,0,6.2,0.0,0.42,True
2025-10-26,義大開發,Meta,高意圖,短影音,mobile,1,0,0,0,5.14,0.0,0.42,True
2025-10-27,義大開發,Google,高意圖,短影音,desktop,1,1,1,0,6.41,0.0,0.42,True
2025-10-28,義大開發,LINE,高意圖,短影音,desktop,1,0,0,0,2.88,0.0,0.42,True
2025-10-29,義大開發,Email,高意圖,短影音,mobile,1,0,0,0,1.41,0.0,0.42,True
2025-10-30,義大開發,YouTube,高意圖,短影音,mobile,1,0,0,0,4.73,0.0,0.42,True
2025-10-31,義大開發,Meta,既有會員,短影音,desktop,1,0,0,0,4.71,0.0,0.42,True
2025-11-01,義大開發,Google,既有會員,短影音,mobile,1,0,0,0,6.89,0.0,0.42,True
2025-11-02,義大開發,LINE,既有會員,短影音,mobile,1,0,0,0,4.15,0.0,0.42,True
2025-11-03,義大開發,Email,既有會員,短影音,mobile,1,0,0,0,1.0,0.0,0.42,True
2025-11-04,義大開發,YouTube,既有會員,短影音,mobile,1,0,0,0,6.24,0.0,0.42,True
2025-11-05,義大開發,Meta,親子家庭,短影音,mobile,1,0,0,0,5.6,0.0,0.42,True
2025-11-06,義大開發,Google,親子家庭,短影音,mobile,1,0,0,0,8.48,0.0,0.42,True
2025-11-07,義大開發,LINE,親子家庭,短影音,mobile,1,1,1,1,3.39,6281.72,0.42,True
2025-11-08,義大開發,Email,親子家庭,短影音,desktop,1,0,0,0,1.41,0.0,0.42,True
2025-11-09,義大開發,YouTube,親子家庭,短影音,mobile,1,0,0,0,4.9,0.0,0.42,True
2025-11-10,義大開發,Meta,年輕族群,短影音,mobile,1,0,0,0,5.48,0.0,0.42,True
2025-11-11,義大開發,Google,年輕族群,短影音,desktop,1,0,0,0,8.42,0.0,0.42,True
2025-11-12,義大開發,LINE,年輕族群,短影音,mobile,1,0,0,0,3.5,0.0,0.42,True
2025-11-13,義大開發,Email,年輕族群,短影音,mobile,1,1,1,0,1.38,0.0,0.42,True
2025-11-14,義大開發,YouTube,年輕族群,短影音,mobile,1,0,0,0,6.14,0.0,0.42,True
2025-11-15,義大開發,Meta,新客探索,情境圖文,mobile,1,0,0,0,3.96,0.0,0.42,True
2025-11-16,義大開發,Google,新客探索,情境圖文,desktop,1,0,0,0,6.67,0.0,0.42,True
2025-11-17,義大開發,LINE,新客探索,情境圖文,mobile,1,0,0,0,4.23,0.0,0.42,True
2025-11-18,義大開發,Email,新客探索,情境圖文,mobile,1,0,0,0,0.98,0.0,0.42,True
2025-11-19,義大開發,YouTube,新客探索,情境圖文,mobile,1,0,0,0,4.59,0.0,0.42,True
2025-11-20,義大開發,Meta,高意圖,情境圖文,mobile,1,0,0,0,4.96,0.0,0.42,True
2025-11-21,義大開發,Google,高意圖,情境圖文,desktop,1,0,0,0,6.01,0.0,0.42,True
2025-11-22,義大開發,LINE,高意圖,情境圖文,mobile,1,0,0,0,3.55,0.0,0.42,True
2025-11-23,義大開發,Email,高意圖,情境圖文,desktop,1,1,1,0,1.39,0.0,0.42,True
2025-11-24,義大開發,YouTube,高意圖,情境圖文,mobile,1,1,1,0,6.28,0.0,0.42,True
2025-11-25,義大開發,Meta,既有會員,情境圖文,desktop,1,0,0,0,4.95,0.0,0.42,True
2025-11-26,義大開發,Google,既有會員,情境圖文,desktop,1,0,0,0,7.88,0.0,0.42,True
2025-11-27,義大開發,LINE,既有會員,情境圖文,desktop,1,0,0,0,4.12,0.0,0.42,True
2025-11-28,義大開發,Email,既有會員,情境圖文,mobile,1,1,1,0,1.18,0.0,0.42,True
2025-11-29,義大開發,YouTube,既有會員,情境圖文,mobile,1,0,0,0,5.68,0.0,0.42,True
2025-11-30,義大開發,Meta,親子家庭,情境圖文,mobile,1,0,0,0,5.27,0.0,0.42,True
2025-12-01,義大開發,Google,親子家庭,情境圖文,mobile,1,0,0,0,6.09,0.0,0.42,True
2025-12-02,義大開發,LINE,親子家庭,情境圖文,desktop,1,0,0,0,4.32,0.0,0.42,True
2025-12-03,義大開發,Email,親子家庭,情境圖文,mobile,1,0,0,0,1.27,0.0,0.42,True
2025-12-04,義大開發,YouTube,親子家庭,情境圖文,desktop,1,0,0,0,5.36,0.0,0.42,True
2025-12-05,義大開發,Meta,年輕族群,情境圖文,mobile,1,0,0,0,4.14,0.0,0.42,True
2025-12-06,義大開發,Google,年輕族群,情境圖文,mobile,1,0,0,0,7.75,0.0,0.42,True
2025-12-07,義大開發,LINE,年輕族群,情境圖文,mobile,1,0,0,0,4.3,0.0,0.42,True
2025-12-08,義大開發,Email,年輕族群,情境圖文,mobile,1,0,0,0,0.98,0.0,0.42,True
2025-12-09,義大開發,YouTube,年輕族群,情境圖文,mobile,1,0,0,0,4.64,0.0,0.42,True
2025-12-10,義大開發,Meta,新客探索,優惠訊息,mobile,1,0,0,0,5.11,0.0,0.42,True
2025-12-11,義大開發,Google,新客探索,優惠訊息,desktop,1,0,0,0,7.13,0.0,0.42,True
2025-12-12,義大開發,LINE,新客探索,優惠訊息,mobile,1,0,0,0,3.7,0.0,0.42,True
2025-12-13,義大開發,Email,新客探索,優惠訊息,mobile,1,0,0,0,1.34,0.0,0.42,True
2025-12-14,義大開發,YouTube,新客探索,優惠訊息,mobile,1,1,1,0,5.21,0.0,0.42,True
2025-12-15,義大開發,Meta,高意圖,優惠訊息,mobile,1,0,0,0,4.21,0.0,0.42,True
2025-12-16,義大開發,Google,高意圖,優惠訊息,desktop,1,0,0,0,8.13,0.0,0.42,True
2025-12-17,義大開發,LINE,高意圖,優惠訊息,mobile,1,0,0,0,2.91,0.0,0.42,True
2025-12-18,義大開發,Email,高意圖,優惠訊息,mobile,1,1,1,0,1.22,0.0,0.42,True
2025-12-19,義大開發,YouTube,高意圖,優惠訊息,mobile,1,0,0,0,5.84,0.0,0.42,True
2025-12-20,義大開發,Meta,既有會員,優惠訊息,desktop,1,0,0,0,5.43,0.0,0.42,True
2025-12-21,義大開發,Google,既有會員,優惠訊息,desktop,1,0,0,0,7.17,0.0,0.42,True
2025-12-22,義大開發,LINE,既有會員,優惠訊息,mobile,1,0,0,0,3.06,0.0,0.42,True
2025-12-23,義大開發,Email,既有會員,優惠訊息,mobile,1,1,1,0,1.38,0.0,0.42,True
2025-12-24,義大開發,YouTube,既有會員,優惠訊息,desktop,1,0,0,0,4.83,0.0,0.42,True
2025-12-25,義大開發,Meta,親子家庭,優惠訊息,mobile,1,0,0,0,5.29,0.0,0.42,True
2025-12-26,義大開發,Google,親子家庭,優惠訊息,mobile,1,0,0,0,8.12,0.0,0.42,True
2025-12-27,義大開發,LINE,親子家庭,優惠訊息,mobile,1,0,0,0,3.38,0.0,0.42,True
2025-12-28,義大開發,Email,親子家庭,優惠訊息,mobile,1,0,0,0,1.19,0.0,0.42,True
2025-12-29,義大開發,YouTube,親子家庭,優惠訊息,mobile,1,0,0,0,4.93,0.0,0.42,True
2025-10-01,義大開發,Meta,年輕族群,優惠訊息,mobile,1,1,1,1,4.4,8759.22,0.42,True
2025-10-02,義大開發,Google,年輕族群,優惠訊息,mobile,1,0,0,0,6.69,0.0,0.42,True
2025-10-03,義大開發,LINE,年輕族群,優惠訊息,desktop,1,0,0,0,3.19,0.0,0.42,True
2025-10-04,義大開發,Email,年輕族群,優惠訊息,mobile,1,0,0,0,1.41,0.0,0.42,True
2025-10-05,義大開發,YouTube,年輕族群,優惠訊息,mobile,1,0,0,0,6.12,0.0,0.42,True
2025-10-06,義大開發,Meta,新客探索,知識內容,mobile,1,0,0,0,4.49,0.0,0.42,True
2025-10-07,義大開發,Google,新客探索,知識內容,mobile,1,0,0,0,6.16,0.0,0.42,True
2025-10-08,義大開發,LINE,新客探索,知識內容,mobile,1,0,0,0,4.03,0.0,0.42,True
2025-10-09,義大開發,Email,新客探索,知識內容,desktop,1,0,0,0,0.97,0.0,0.42,True
2025-10-10,義大開發,YouTube,新客探索,知識內容,mobile,1,0,0,0,4.94,0.0,0.42,True
2025-10-11,義大開發,Meta,高意圖,知識內容,mobile,1,0,0,0,4.47,0.0,0.42,True
2025-10-12,義大開發,Google,高意圖,知識內容,mobile,1,0,0,0,7.82,0.0,0.42,True
2025-10-13,義大開發,LINE,高意圖,知識內容,mobile,1,1,1,1,3.53,8235.08,0.42,True
2025-10-14,義大開發,Email,高意圖,知識內容,desktop,1,0,0,0,1.24,0.0,0.42,True
2025-10-15,義大開發,YouTube,高意圖,知識內容,mobile,1,0,0,0,4.48,0.0,0.42,True
2025-10-16,義大開發,Meta,既有會員,知識內容,desktop,1,0,0,0,5.44,0.0,0.42,True
2025-10-17,義大開發,Google,既有會員,知識內容,mobile,1,0,0,0,7.5,0.0,0.42,True
2025-10-18,義大開發,LINE,既有會員,知識內容,mobile,1,0,0,0,2.89,0.0,0.42,True
2025-10-19,義大開發,Email,既有會員,知識內容,mobile,1,1,1,0,1.02,0.0,0.42,True
2025-10-20,義大開發,YouTube,既有會員,知識內容,desktop,1,0,0,0,4.57,0.0,0.42,True
2025-10-21,義大開發,Meta,親子家庭,知識內容,mobile,1,0,0,0,5.33,0.0,0.42,True
2025-10-22,義大開發,Google,親子家庭,知識內容,mobile,1,1,0,0,6.73,0.0,0.42,True
2025-10-23,義大開發,LINE,親子家庭,知識內容,mobile,1,0,0,0,4.0,0.0,0.42,True
2025-10-24,義大開發,Email,親子家庭,知識內容,desktop,1,0,0,0,1.18,0.0,0.42,True
2025-10-25,義大開發,YouTube,親子家庭,知識內容,mobile,1,1,1,0,6.55,0.0,0.42,True
2025-10-26,義大開發,Meta,年輕族群,知識內容,desktop,1,0,0,0,5.6,0.0,0.42,True
2025-10-27,義大開發,Google,年輕族群,知識內容,desktop,1,0,0,0,6.54,0.0,0.42,True
2025-10-28,義大開發,LINE,年輕族群,知識內容,desktop,1,1,1,0,3.81,0.0,0.42,True
2025-10-29,義大開發,Email,年輕族群,知識內容,mobile,1,0,0,0,1.2,0.0,0.42,True
2025-10-30,義大開發,YouTube,年輕族群,知識內容,mobile,1,0,0,0,6.13,0.0,0.42,True
2025-10-31,義大開發,Meta,新客探索,短影音,desktop,1,0,0,0,3.99,0.0,0.42,True
2025-11-01,義大開發,Google,新客探索,短影音,desktop,1,0,0,0,7.95,0.0,0.42,True
2025-11-02,義大開發,LINE,新客探索,短影音,mobile,1,0,0,0,3.99,0.0,0.42,True
2025-11-03,義大開發,Email,新客探索,短影音,mobile,1,0,0,0,1.11,0.0,0.42,True
2025-11-04,義大開發,YouTube,新客探索,短影音,mobile,1,0,0,0,4.82,0.0,0.42,True
2025-11-05,義大開發,Meta,高意圖,短影音,mobile,1,0,0,0,5.39,0.0,0.42,True
2025-11-06,義大開發,Google,高意圖,短影音,mobile,1,0,0,0,8.15,0.0,0.42,True
2025-11-07,義大開發,LINE,高意圖,短影音,mobile,1,0,0,0,3.57,0.0,0.42,True
2025-11-08,義大開發,Email,高意圖,短影音,mobile,1,0,0,0,1.39,0.0,0.42,True
2025-11-09,義大開發,YouTube,高意圖,短影音,mobile,1,0,0,0,6.33,0.0,0.42,True
2025-11-10,義大開發,Meta,既有會員,短影音,mobile,1,0,0,0,3.87,0.0,0.42,True
2025-11-11,義大開發,Google,既有會員,短影音,mobile,1,0,0,0,8.49,0.0,0.42,True
2025-11-12,義大開發,LINE,既有會員,短影音,mobile,1,0,0,0,4.05,0.0,0.42,True
2025-11-13,義大開發,Email,既有會員,短影音,mobile,1,0,0,0,1.28,0.0,0.42,True
2025-11-14,義大開發,YouTube,既有會員,短影音,desktop,1,0,0,0,5.8,0.0,0.42,True
2025-11-15,義大開發,Meta,親子家庭,短影音,mobile,1,0,0,0,4.36,0.0,0.42,True
2025-11-16,義大開發,Google,親子家庭,短影音,mobile,1,0,0,0,6.02,0.0,0.42,True
2025-11-17,義大開發,LINE,親子家庭,短影音,mobile,1,0,0,0,3.06,0.0,0.42,True
2025-11-18,義大開發,Email,親子家庭,短影音,mobile,1,0,0,0,1.17,0.0,0.42,True
2025-11-19,義大開發,YouTube,親子家庭,短影音,mobile,1,0,0,0,4.72,0.0,0.42,True
2025-11-20,義大開發,Meta,年輕族群,短影音,mobile,1,0,0,0,5.41,0.0,0.42,True
2025-11-21,義大開發,Google,年輕族群,短影音,mobile,1,0,0,0,6.06,0.0,0.42,True
2025-11-22,義大開發,LINE,年輕族群,短影音,mobile,1,0,0,0,4.1,0.0,0.42,True
2025-11-23,義大開發,Email,年輕族群,短影音,mobile,1,0,0,0,1.05,0.0,0.42,True
2025-11-24,義大開發,YouTube,年輕族群,短影音,mobile,1,0,0,0,6.05,0.0,0.42,True
2025-11-25,義大開發,Meta,新客探索,情境圖文,mobile,1,0,0,0,5.15,0.0,0.42,True
2025-11-26,義大開發,Google,新客探索,情境圖文,desktop,1,1,1,0,6.71,0.0,0.42,True
2025-11-27,義大開發,LINE,新客探索,情境圖文,mobile,1,0,0,0,4.14,0.0,0.42,True
2025-11-28,義大開發,Email,新客探索,情境圖文,mobile,1,0,0,0,1.21,0.0,0.42,True
2025-11-29,義大開發,YouTube,新客探索,情境圖文,mobile,1,0,0,0,5.51,0.0,0.42,True
2025-11-30,義大開發,Meta,高意圖,情境圖文,mobile,1,0,0,0,4.44,0.0,0.42,True
2025-12-01,義大開發,Google,高意圖,情境圖文,mobile,1,0,0,0,7.05,0.0,0.42,True
2025-12-02,義大開發,LINE,高意圖,情境圖文,mobile,1,0,0,0,3.45,0.0,0.42,True
2025-12-03,義大開發,Email,高意圖,情境圖文,mobile,1,0,0,0,1.17,0.0,0.42,True
2025-12-04,義大開發,YouTube,高意圖,情境圖文,mobile,1,0,0,0,4.55,0.0,0.42,True
2025-12-05,義大開發,Meta,既有會員,情境圖文,mobile,1,0,0,0,5.57,0.0,0.42,True
2025-12-06,義大開發,Google,既有會員,情境圖文,mobile,1,0,0,0,7.3,0.0,0.42,True
2025-12-07,義大開發,LINE,既有會員,情境圖文,mobile,1,0,0,0,3.97,0.0,0.42,True
2025-12-08,義大開發,Email,既有會員,情境圖文,mobile,1,0,0,0,1.09,0.0,0.42,True
2025-12-09,義大開發,YouTube,既有會員,情境圖文,mobile,1,0,0,0,6.48,0.0,0.42,True
2025-12-10,義大開發,Meta,親子家庭,情境圖文,mobile,1,0,0,0,5.49,0.0,0.42,True
2025-12-11,義大開發,Google,親子家庭,情境圖文,mobile,1,0,0,0,7.66,0.0,0.42,True
2025-12-12,義大開發,LINE,親子家庭,情境圖文,desktop,1,0,0,0,2.93,0.0,0.42,True
2025-12-13,義大開發,Email,親子家庭,情境圖文,mobile,1,0,0,0,1.05,0.0,0.42,True
2025-12-14,義大開發,YouTube,親子家庭,情境圖文,desktop,1,1,1,0,5.5,0.0,0.42,True
2025-12-15,義大開發,Meta,年輕族群,情境圖文,mobile,1,0,0,0,4.42,0.0,0.42,True
2025-12-16,義大開發,Google,年輕族群,情境圖文,mobile,1,0,0,0,5.86,0.0,0.42,True
2025-12-17,義大開發,LINE,年輕族群,情境圖文,mobile,1,0,0,0,3.47,0.0,0.42,True
2025-12-18,義大開發,Email,年輕族群,情境圖文,desktop,1,0,0,0,0.97,0.0,0.42,True
2025-12-19,義大開發,YouTube,年輕族群,情境圖文,desktop,1,0,0,0,4.78,0.0,0.42,True
2025-12-20,義大開發,Meta,新客探索,優惠訊息,mobile,1,0,0,0,4.47,0.0,0.42,True
2025-12-21,義大開發,Google,新客探索,優惠訊息,desktop,1,0,0,0,6.63,0.0,0.42,True
2025-12-22,義大開發,LINE,新客探索,優惠訊息,mobile,1,0,0,0,3.48,0.0,0.42,True
2025-12-23,義大開發,Email,新客探索,優惠訊息,mobile,1,0,0,0,1.09,0.0,0.42,True
2025-12-24,義大開發,YouTube,新客探索,優惠訊息,mobile,1,0,0,0,5.25,0.0,0.42,True
2025-12-25,義大開發,Meta,高意圖,優惠訊息,mobile,1,0,0,0,4.34,0.0,0.42,True
2025-12-26,義大開發,Google,高意圖,優惠訊息,mobile,1,0,0,0,6.78,0.0,0.42,True
2025-12-27,義大開發,LINE,高意圖,優惠訊息,mobile,1,1,1,0,3.66,0.0,0.42,True
2025-12-28,義大開發,Email,高意圖,優惠訊息,mobile,1,0,0,0,1.01,0.0,0.42,True
2025-12-29,義大開發,YouTube,高意圖,優惠訊息,desktop,1,0,0,0,6.04,0.0,0.42,True
2025-10-01,義大開發,Meta,既有會員,優惠訊息,desktop,1,1,0,0,4.74,0.0,0.42,True
2025-10-02,義大開發,Google,既有會員,優惠訊息,mobile,1,0,0,0,7.19,0.0,0.42,True
2025-10-03,義大開發,LINE,既有會員,優惠訊息,mobile,1,0,0,0,4.19,0.0,0.42,True
2025-10-04,義大開發,Email,既有會員,優惠訊息,desktop,1,0,0,0,1.01,0.0,0.42,True
2025-10-05,義大開發,YouTube,既有會員,優惠訊息,mobile,1,0,0,0,4.65,0.0,0.42,True
2025-10-06,義大開發,Meta,親子家庭,優惠訊息,mobile,1,0,0,0,5.31,0.0,0.42,True
2025-10-07,義大開發,Google,親子家庭,優惠訊息,mobile,1,0,0,0,7.96,0.0,0.42,True
2025-10-08,義大開發,LINE,親子家庭,優惠訊息,desktop,1,0,0,0,3.9,0.0,0.42,True
2025-10-09,義大開發,Email,親子家庭,優惠訊息,desktop,1,0,0,0,1.39,0.0,0.42,True
2025-10-10,義大開發,YouTube,親子家庭,優惠訊息,mobile,1,0,0,0,4.94,0.0,0.42,True
2025-10-11,義大開發,Meta,年輕族群,優惠訊息,mobile,1,1,1,0,4.16,0.0,0.42,True
2025-10-12,義大開發,Google,年輕族群,優惠訊息,mobile,1,0,0,0,7.36,0.0,0.42,True
2025-10-13,義大開發,LINE,年輕族群,優惠訊息,mobile,1,0,0,0,3.47,0.0,0.42,True
2025-10-14,義大開發,Email,年輕族群,優惠訊息,mobile,1,0,0,0,1.34,0.0,0.42,True
2025-10-15,義大開發,YouTube,年輕族群,優惠訊息,mobile,1,0,0,0,4.85,0.0,0.42,True
2025-10-16,義大開發,Meta,新客探索,知識內容,mobile,1,0,0,0,4.7,0.0,0.42,True
2025-10-17,義大開發,Google,新客探索,知識內容,mobile,1,0,0,0,7.66,0.0,0.42,True
2025-10-18,義大開發,LINE,新客探索,知識內容,mobile,1,0,0,0,3.11,0.0,0.42,True
2025-10-19,義大開發,Email,新客探索,知識內容,mobile,1,0,0,0,1.35,0.0,0.42,True
2025-10-20,義大開發,YouTube,新客探索,知識內容,desktop,1,0,0,0,5.38,0.0,0.42,True
2025-10-21,義大開發,Meta,高意圖,知識內容,mobile,1,0,0,0,3.89,0.0,0.42,True
2025-10-22,義大開發,Google,高意圖,知識內容,mobile,1,0,0,0,7.16,0.0,0.42,True
2025-10-23,義大開發,LINE,高意圖,知識內容,mobile,1,0,0,0,3.62,0.0,0.42,True
2025-10-24,義大開發,Email,高意圖,知識內容,mobile,1,0,0,0,1.43,0.0,0.42,True
2025-10-25,義大開發,YouTube,高意圖,知識內容,mobile,1,0,0,0,5.77,0.0,0.42,True
2025-10-26,義大開發,Meta,既有會員,知識內容,mobile,1,0,0,0,5.23,0.0,0.42,True
2025-10-27,義大開發,Google,既有會員,知識內容,mobile,1,0,0,0,6.72,0.0,0.42,True
2025-10-28,義大開發,LINE,既有會員,知識內容,mobile,1,1,1,0,3.79,0.0,0.42,True
2025-10-29,義大開發,Email,既有會員,知識內容,desktop,1,0,0,0,1.19,0.0,0.42,True
2025-10-30,義大開發,YouTube,既有會員,知識內容,mobile,1,0,0,0,6.2,0.0,0.42,True
2025-10-31,義大開發,Meta,親子家庭,知識內容,mobile,1,0,0,0,4.14,0.0,0.42,True
2025-11-01,義大開發,Google,親子家庭,知識內容,desktop,1,0,0,0,7.45,0.0,0.42,True
2025-11-02,義大開發,LINE,親子家庭,知識內容,mobile,1,0,0,0,3.54,0.0,0.42,True
2025-11-03,義大開發,Email,親子家庭,知識內容,mobile,1,0,0,0,1.35,0.0,0.42,True
2025-11-04,義大開發,YouTube,親子家庭,知識內容,mobile,1,0,0,0,6.01,0.0,0.42,True
2025-11-05,義大開發,Meta,年輕族群,知識內容,mobile,1,0,0,0,4.78,0.0,0.42,True
2025-11-06,義大開發,Google,年輕族群,知識內容,mobile,1,0,0,0,7.76,0.0,0.42,True
2025-11-07,義大開發,LINE,年輕族群,知識內容,mobile,1,0,0,0,2.93,0.0,0.42,True
2025-11-08,義大開發,Email,年輕族群,知識內容,desktop,1,0,0,0,1.17,0.0,0.42,True
2025-11-09,義大開發,YouTube,年輕族群,知識內容,mobile,1,0,0,0,5.91,0.0,0.42,True
2025-11-10,義大開發,Meta,新客探索,短影音,mobile,1,0,0,0,4.56,0.0,0.42,True
2025-11-11,義大開發,Google,新客探索,短影音,mobile,1,0,0,0,7.36,0.0,0.42,True
2025-11-12,義大開發,LINE,新客探索,短影音,mobile,1,1,0,0,3.21,0.0,0.42,True
2025-11-13,義大開發,Email,新客探索,短影音,mobile,1,0,0,0,0.99,0.0,0.42,True
2025-11-14,義大開發,YouTube,新客探索,短影音,mobile,1,0,0,0,6.22,0.0,0.42,True
2025-11-15,義大開發,Meta,高意圖,短影音,mobile,1,0,0,0,5.06,0.0,0.42,True
2025-11-16,義大開發,Google,高意圖,短影音,mobile,1,1,1,0,6.69,0.0,0.42,True
2025-11-17,義大開發,LINE,高意圖,短影音,mobile,1,0,0,0,4.16,0.0,0.42,True
2025-11-18,義大開發,Email,高意圖,短影音,mobile,1,0,0,0,1.08,0.0,0.42,True
2025-11-19,義大開發,YouTube,高意圖,短影音,mobile,1,0,0,0,4.61,0.0,0.42,True
2025-11-20,義大開發,Meta,既有會員,短影音,mobile,1,0,0,0,5.51,0.0,0.42,True
2025-11-21,義大開發,Google,既有會員,短影音,mobile,1,0,0,0,5.8,0.0,0.42,True
2025-11-22,義大開發,LINE,既有會員,短影音,mobile,1,1,1,1,3.04,6668.31,0.42,True
2025-11-23,義大開發,Email,既有會員,短影音,desktop,1,0,0,0,1.21,0.0,0.42,True
2025-11-24,義大開發,YouTube,既有會員,短影音,desktop,1,0,0,0,5.27,0.0,0.42,True
2025-11-25,義大開發,Meta,親子家庭,短影音,mobile,1,0,0,0,3.89,0.0,0.42,True
2025-11-26,義大開發,Google,親子家庭,短影音,mobile,1,0,0,0,7.18,0.0,0.42,True
2025-11-27,義大開發,LINE,親子家庭,短影音,mobile,1,0,0,0,4.24,0.0,0.42,True
2025-11-28,義大開發,Email,親子家庭,短影音,mobile,1,0,0,0,1.19,0.0,0.42,True
2025-11-29,義大開發,YouTube,親子家庭,短影音,mobile,1,0,0,0,5.14,0.0,0.42,True
2025-11-30,義大開發,Meta,年輕族群,短影音,mobile,1,0,0,0,4.44,0.0,0.42,True
2025-12-01,義大開發,Google,年輕族群,短影音,desktop,1,1,0,0,7.47,0.0,0.42,True
2025-12-02,義大開發,LINE,年輕族群,短影音,desktop,1,0,0,0,3.0,0.0,0.42,True
2025-12-03,義大開發,Email,年輕族群,短影音,mobile,1,0,0,0,1.41,0.0,0.42,True
2025-12-04,義大開發,YouTube,年輕族群,短影音,desktop,1,0,0,0,5.76,0.0,0.42,True
2025-12-05,義大開發,Meta,新客探索,情境圖文,mobile,1,0,0,0,4.31,0.0,0.42,True
2025-12-06,義大開發,Google,新客探索,情境圖文,desktop,1,0,0,0,6.05,0.0,0.42,True
2025-12-07,義大開發,LINE,新客探索,情境圖文,desktop,1,0,0,0,3.15,0.0,0.42,True
2025-12-08,義大開發,Email,新客探索,情境圖文,desktop,1,1,1,0,1.34,0.0,0.42,True
2025-12-09,義大開發,YouTube,新客探索,情境圖文,mobile,1,0,0,0,5.84,0.0,0.42,True
2025-12-10,義大開發,Meta,高意圖,情境圖文,desktop,1,0,0,0,4.48,0.0,0.42,True
2025-12-11,義大開發,Google,高意圖,情境圖文,desktop,1,0,0,0,6.37,0.0,0.42,True
2025-12-12,義大開發,LINE,高意圖,情境圖文,mobile,1,0,0,0,3.03,0.0,0.42,True
2025-12-13,義大開發,Email,高意圖,情境圖文,desktop,1,0,0,0,1.1,0.0,0.42,True
2025-12-14,義大開發,YouTube,高意圖,情境圖文,mobile,1,0,0,0,4.99,0.0,0.42,True
2025-12-15,義大開發,Meta,既有會員,情境圖文,mobile,1,0,0,0,4.44,0.0,0.42,True
2025-12-16,義大開發,Google,既有會員,情境圖文,mobile,1,0,0,0,7.89,0.0,0.42,True
2025-12-17,義大開發,LINE,既有會員,情境圖文,mobile,1,1,0,0,3.31,0.0,0.42,True
2025-12-18,義大開發,Email,既有會員,情境圖文,desktop,1,0,0,0,1.39,0.0,0.42,True
2025-12-19,義大開發,YouTube,既有會員,情境圖文,mobile,1,0,0,0,4.56,0.0,0.42,True
2025-12-20,義大開發,Meta,親子家庭,情境圖文,mobile,1,0,0,0,5.47,0.0,0.42,True
2025-12-21,義大開發,Google,親子家庭,情境圖文,mobile,1,0,0,0,5.94,0.0,0.42,True
2025-12-22,義大開發,LINE,親子家庭,情境圖文,mobile,1,0,0,0,3.97,0.0,0.42,True
2025-12-23,義大開發,Email,親子家庭,情境圖文,mobile,1,0,0,0,1.11,0.0,0.42,True
2025-12-24,義大開發,YouTube,親子家庭,情境圖文,mobile,1,0,0,0,5.63,0.0,0.42,True
2025-12-25,義大開發,Meta,年輕族群,情境圖文,mobile,1,0,0,0,5.18,0.0,0.42,True
2025-12-26,義大開發,Google,年輕族群,情境圖文,mobile,1,0,0,0,5.84,0.0,0.42,True
2025-12-27,義大開發,LINE,年輕族群,情境圖文,mobile,1,0,0,0,3.29,0.0,0.42,True
2025-12-28,義大開發,Email,年輕族群,情境圖文,desktop,1,0,0,0,1.1,0.0,0.42,True
2025-12-29,義大開發,YouTube,年輕族群,情境圖文,mobile,1,0,0,0,5.61,0.0,0.42,True
2025-10-01,義大開發,Meta,新客探索,優惠訊息,mobile,1,0,0,0,4.45,0.0,0.42,True
2025-10-02,義大開發,Google,新客探索,優惠訊息,mobile,1,0,0,0,6.54,0.0,0.42,True
2025-10-03,義大開發,LINE,新客探索,優惠訊息,mobile,1,0,0,0,3.48,0.0,0.42,True
2025-10-04,義大開發,Email,新客探索,優惠訊息,desktop,1,1,0,0,1.2,0.0,0.42,True
2025-10-05,義大開發,YouTube,新客探索,優惠訊息,mobile,1,1,1,0,5.02,0.0,0.42,True
2025-10-06,義大開發,Meta,高意圖,優惠訊息,desktop,1,0,0,0,4.72,0.0,0.42,True
2025-10-07,義大開發,Google,高意圖,優惠訊息,desktop,1,1,1,0,6.94,0.0,0.42,True
2025-10-08,義大開發,LINE,高意圖,優惠訊息,desktop,1,0,0,0,3.25,0.0,0.42,True
2025-10-09,義大開發,Email,高意圖,優惠訊息,desktop,1,1,1,0,1.22,0.0,0.42,True
2025-10-10,義大開發,YouTube,高意圖,優惠訊息,mobile,1,0,0,0,5.45,0.0,0.42,True
2025-10-11,義大開發,Meta,既有會員,優惠訊息,mobile,1,1,0,0,4.22,0.0,0.42,True
2025-10-12,義大開發,Google,既有會員,優惠訊息,mobile,1,0,0,0,8.51,0.0,0.42,True
2025-10-13,義大開發,LINE,既有會員,優惠訊息,mobile,1,0,0,0,3.02,0.0,0.42,True
2025-10-14,義大開發,Email,既有會員,優惠訊息,mobile,1,0,0,0,1.34,0.0,0.42,True
2025-10-15,義大開發,YouTube,既有會員,優惠訊息,mobile,1,0,0,0,4.94,0.0,0.42,True
2025-10-16,義大開發,Meta,親子家庭,優惠訊息,desktop,1,0,0,0,4.72,0.0,0.42,True
2025-10-17,義大開發,Google,親子家庭,優惠訊息,mobile,1,1,1,0,6.15,0.0,0.42,True
2025-10-18,義大開發,LINE,親子家庭,優惠訊息,desktop,1,0,0,0,2.97,0.0,0.42,True
2025-10-19,義大開發,Email,親子家庭,優惠訊息,desktop,1,0,0,0,1.04,0.0,0.42,True
2025-10-20,義大開發,YouTube,親子家庭,優惠訊息,mobile,1,0,0,0,6.39,0.0,0.42,True
2025-10-21,義大開發,Meta,年輕族群,優惠訊息,mobile,1,0,0,0,5.16,0.0,0.42,True
2025-10-22,義大開發,Google,年輕族群,優惠訊息,mobile,1,0,0,0,7.07,0.0,0.42,True
2025-10-23,義大開發,LINE,年輕族群,優惠訊息,mobile,1,0,0,0,4.25,0.0,0.42,True
2025-10-24,義大開發,Email,年輕族群,優惠訊息,mobile,1,0,0,0,1.11,0.0,0.42,True
2025-10-25,義大開發,YouTube,年輕族群,優惠訊息,desktop,1,0,0,0,6.43,0.0,0.42,True
2025-10-26,義大開發,Meta,新客探索,知識內容,mobile,1,0,0,0,5.06,0.0,0.42,True
2025-10-27,義大開發,Google,新客探索,知識內容,mobile,1,0,0,0,6.35,0.0,0.42,True
2025-10-28,義大開發,LINE,新客探索,知識內容,mobile,1,0,0,0,3.0,0.0,0.42,True
2025-10-29,義大開發,Email,新客探索,知識內容,mobile,1,0,0,0,1.02,0.0,0.42,True
2025-10-30,義大開發,YouTube,新客探索,知識內容,mobile,1,0,0,0,5.54,0.0,0.42,True
2025-10-31,義大開發,Meta,高意圖,知識內容,mobile,1,0,0,0,4.41,0.0,0.42,True
2025-11-01,義大開發,Google,高意圖,知識內容,mobile,1,0,0,0,5.94,0.0,0.42,True
2025-11-02,義大開發,LINE,高意圖,知識內容,mobile,1,1,1,0,3.95,0.0,0.42,True
2025-11-03,義大開發,Email,高意圖,知識內容,mobile,1,0,0,0,1.17,0.0,0.42,True
2025-11-04,義大開發,YouTube,高意圖,知識內容,mobile,1,0,0,0,4.48,0.0,0.42,True
2025-11-05,義大開發,Meta,既有會員,知識內容,mobile,1,1,1,0,5.4,0.0,0.42,True
2025-11-06,義大開發,Google,既有會員,知識內容,mobile,1,0,0,0,7.67,0.0,0.42,True
2025-11-07,義大開發,LINE,既有會員,知識內容,mobile,1,0,0,0,4.02,0.0,0.42,True
2025-11-08,義大開發,Email,既有會員,知識內容,desktop,1,0,0,0,1.17,0.0,0.42,True
2025-11-09,義大開發,YouTube,既有會員,知識內容,mobile,1,0,0,0,5.51,0.0,0.42,True
2025-11-10,義大開發,Meta,親子家庭,知識內容,mobile,1,0,0,0,5.05,0.0,0.42,True
2025-11-11,義大開發,Google,親子家庭,知識內容,desktop,1,1,1,0,6.15,0.0,0.42,True
2025-11-12,義大開發,LINE,親子家庭,知識內容,mobile,1,0,0,0,4.09,0.0,0.42,True
2025-11-13,義大開發,Email,親子家庭,知識內容,mobile,1,0,0,0,1.29,0.0,0.42,True
2025-11-14,義大開發,YouTube,親子家庭,知識內容,mobile,1,0,0,0,5.58,0.0,0.42,True
2025-11-15,義大開發,Meta,年輕族群,知識內容,mobile,1,0,0,0,4.56,0.0,0.42,True
2025-11-16,義大開發,Google,年輕族群,知識內容,mobile,1,0,0,0,8.23,0.0,0.42,True
2025-11-17,義大開發,LINE,年輕族群,知識內容,desktop,1,0,0,0,3.92,0.0,0.42,True
2025-11-18,義大開發,Email,年輕族群,知識內容,mobile,1,0,0,0,1.27,0.0,0.42,True
2025-11-19,義大開發,YouTube,年輕族群,知識內容,mobile,1,0,0,0,6.36,0.0,0.42,True
2025-11-20,義大開發,Meta,新客探索,短影音,mobile,1,0,0,0,4.0,0.0,0.42,True
2025-11-21,義大開發,Google,新客探索,短影音,mobile,1,0,0,0,6.87,0.0,0.42,True
2025-11-22,義大開發,LINE,新客探索,短影音,mobile,1,1,1,0,3.69,0.0,0.42,True
2025-11-23,義大開發,Email,新客探索,短影音,mobile,1,0,0,0,1.4,0.0,0.42,True
2025-11-24,義大開發,YouTube,新客探索,短影音,mobile,1,1,1,0,6.29,0.0,0.42,True
2025-11-25,義大開發,Meta,高意圖,短影音,mobile,1,0,0,0,3.97,0.0,0.42,True
2025-11-26,義大開發,Google,高意圖,短影音,mobile,1,1,1,0,8.42,0.0,0.42,True
2025-11-27,義大開發,LINE,高意圖,短影音,mobile,1,0,0,0,3.64,0.0,0.42,True
2025-11-28,義大開發,Email,高意圖,短影音,mobile,1,0,0,0,1.28,0.0,0.42,True
2025-11-29,義大開發,YouTube,高意圖,短影音,mobile,1,1,0,0,5.59,0.0,0.42,True
2025-11-30,義大開發,Meta,既有會員,短影音,mobile,1,0,0,0,4.16,0.0,0.42,True
2025-12-01,義大開發,Google,既有會員,短影音,mobile,1,0,0,0,6.4,0.0,0.42,True
2025-12-02,義大開發,LINE,既有會員,短影音,mobile,1,0,0,0,3.75,0.0,0.42,True
2025-12-03,義大開發,Email,既有會員,短影音,mobile,1,0,0,0,1.17,0.0,0.42,True
2025-12-04,義大開發,YouTube,既有會員,短影音,mobile,1,0,0,0,4.63,0.0,0.42,True
2025-12-05,義大開發,Meta,親子家庭,短影音,mobile,1,1,0,0,5.46,0.0,0.42,True
2025-12-06,義大開發,Google,親子家庭,短影音,mobile,1,0,0,0,8.49,0.0,0.42,True
2025-12-07,義大開發,LINE,親子家庭,短影音,mobile,1,0,0,0,4.01,0.0,0.42,True
2025-12-08,義大開發,Email,親子家庭,短影音,mobile,1,1,1,0,1.34,0.0,0.42,True
2025-12-09,義大開發,YouTube,親子家庭,短影音,mobile,1,0,0,0,5.85,0.0,0.42,True
2025-12-10,義大開發,Meta,年輕族群,短影音,mobile,1,0,0,0,4.26,0.0,0.42,True
2025-12-11,義大開發,Google,年輕族群,短影音,desktop,1,1,0,0,5.86,0.0,0.42,True
2025-12-12,義大開發,LINE,年輕族群,短影音,desktop,1,0,0,0,4.3,0.0,0.42,True
2025-12-13,義大開發,Email,年輕族群,短影音,mobile,1,0,0,0,1.15,0.0,0.42,True
2025-12-14,義大開發,YouTube,年輕族群,短影音,mobile,1,0,0,0,5.35,0.0,0.42,True
2025-12-15,義大開發,Meta,新客探索,情境圖文,mobile,1,1,1,0,4.49,0.0,0.42,True
2025-12-16,義大開發,Google,新客探索,情境圖文,desktop,1,1,0,0,6.73,0.0,0.42,True
2025-12-17,義大開發,LINE,新客探索,情境圖文,mobile,1,0,0,0,3.31,0.0,0.42,True
2025-12-18,義大開發,Email,新客探索,情境圖文,mobile,1,0,0,0,1.44,0.0,0.42,True
2025-12-19,義大開發,YouTube,新客探索,情境圖文,mobile,1,0,0,0,6.42,0.0,0.42,True
2025-12-20,義大開發,Meta,高意圖,情境圖文,mobile,1,0,0,0,5.73,0.0,0.42,True
2025-12-21,義大開發,Google,高意圖,情境圖文,mobile,1,0,0,0,7.65,0.0,0.42,True
2025-12-22,義大開發,LINE,高意圖,情境圖文,mobile,1,0,0,0,3.97,0.0,0.42,True
2025-12-23,義大開發,Email,高意圖,情境圖文,mobile,1,0,0,0,1.43,0.0,0.42,True
2025-12-24,義大開發,YouTube,高意圖,情境圖文,mobile,1,0,0,0,6.17,0.0,0.42,True
2025-12-25,義大開發,Meta,既有會員,情境圖文,mobile,1,0,0,0,5.3,0.0,0.42,True
2025-12-26,義大開發,Google,既有會員,情境圖文,mobile,1,0,0,0,8.4,0.0,0.42,True
2025-12-27,義大開發,LINE,既有會員,情境圖文,mobile,1,0,0,0,3.04,0.0,0.42,True
2025-12-28,義大開發,Email,既有會員,情境圖文,desktop,1,1,1,0,1.11,0.0,0.42,True
2025-12-29,義大開發,YouTube,既有會員,情境圖文,mobile,1,0,0,0,5.39,0.0,0.42,True
2025-10-01,義大開發,Meta,親子家庭,情境圖文,mobile,1,0,0,0,4.69,0.0,0.42,True
2025-10-02,義大開發,Google,親子家庭,情境圖文,desktop,1,0,0,0,8.19,0.0,0.42,True
2025-10-03,義大開發,LINE,親子家庭,情境圖文,mobile,1,0,0,0,3.71,0.0,0.42,True
2025-10-04,義大開發,Email,親子家庭,情境圖文,mobile,1,0,0,0,1.4,0.0,0.42,True
2025-10-05,義大開發,YouTube,親子家庭,情境圖文,mobile,1,0,0,0,5.57,0.0,0.42,True
2025-10-06,義大開發,Meta,年輕族群,情境圖文,mobile,1,0,0,0,4.41,0.0,0.42,True
2025-10-07,義大開發,Google,年輕族群,情境圖文,mobile,1,0,0,0,6.86,0.0,0.42,True
2025-10-08,義大開發,LINE,年輕族群,情境圖文,mobile,1,0,0,0,3.96,0.0,0.42,True
2025-10-09,義大開發,Email,年輕族群,情境圖文,mobile,1,0,0,0,1.1,0.0,0.42,True
2025-10-10,義大開發,YouTube,年輕族群,情境圖文,mobile,1,0,0,0,5.08,0.0,0.42,True
2025-10-11,義大開發,Meta,新客探索,優惠訊息,desktop,1,0,0,0,4.26,0.0,0.42,True
2025-10-12,義大開發,Google,新客探索,優惠訊息,desktop,1,0,0,0,8.07,0.0,0.42,True
2025-10-13,義大開發,LINE,新客探索,優惠訊息,mobile,1,0,0,0,3.51,0.0,0.42,True
2025-10-14,義大開發,Email,新客探索,優惠訊息,mobile,1,0,0,0,0.96,0.0,0.42,True
2025-10-15,義大開發,YouTube,新客探索,優惠訊息,mobile,1,0,0,0,4.47,0.0,0.42,True
2025-10-16,義大開發,Meta,高意圖,優惠訊息,mobile,1,1,1,0,5.68,0.0,0.42,True
2025-10-17,義大開發,Google,高意圖,優惠訊息,mobile,1,0,0,0,6.68,0.0,0.42,True
2025-10-18,義大開發,LINE,高意圖,優惠訊息,desktop,1,1,1,0,3.23,0.0,0.42,True
2025-10-19,義大開發,Email,高意圖,優惠訊息,desktop,1,1,0,0,1.09,0.0,0.42,True
2025-10-20,義大開發,YouTube,高意圖,優惠訊息,mobile,1,0,0,0,6.29,0.0,0.42,True
2025-10-21,義大開發,Meta,既有會員,優惠訊息,mobile,1,0,0,0,5.1,0.0,0.42,True
2025-10-22,義大開發,Google,既有會員,優惠訊息,desktop,1,0,0,0,8.63,0.0,0.42,True
2025-10-23,義大開發,LINE,既有會員,優惠訊息,mobile,1,0,0,0,3.31,0.0,0.42,True
2025-10-24,義大開發,Email,既有會員,優惠訊息,mobile,1,0,0,0,1.08,0.0,0.42,True
2025-10-25,義大開發,YouTube,既有會員,優惠訊息,desktop,1,0,0,0,4.66,0.0,0.42,True
2025-10-26,義大開發,Meta,親子家庭,優惠訊息,desktop,1,0,0,0,5.44,0.0,0.42,True
2025-10-27,義大開發,Google,親子家庭,優惠訊息,desktop,1,0,0,0,6.83,0.0,0.42,True
2025-10-28,義大開發,LINE,親子家庭,優惠訊息,desktop,1,0,0,0,4.03,0.0,0.42,True
2025-10-29,義大開發,Email,親子家庭,優惠訊息,mobile,1,0,0,0,1.21,0.0,0.42,True
2025-10-30,義大開發,YouTube,親子家庭,優惠訊息,desktop,1,1,1,0,6.01,0.0,0.42,True
2025-10-31,義大開發,Meta,年輕族群,優惠訊息,mobile,1,0,0,0,5.64,0.0,0.42,True
2025-11-01,義大開發,Google,年輕族群,優惠訊息,desktop,1,0,0,0,7.56,0.0,0.42,True
2025-11-02,義大開發,LINE,年輕族群,優惠訊息,mobile,1,0,0,0,3.06,0.0,0.42,True
2025-11-03,義大開發,Email,年輕族群,優惠訊息,mobile,1,1,1,0,1.09,0.0,0.42,True
2025-11-04,義大開發,YouTube,年輕族群,優惠訊息,mobile,1,0,0,0,5.73,0.0,0.42,True
2025-11-05,義大開發,Meta,新客探索,知識內容,desktop,1,0,0,0,4.11,0.0,0.42,True
2025-11-06,義大開發,Google,新客探索,知識內容,mobile,1,0,0,0,7.45,0.0,0.42,True
2025-11-07,義大開發,LINE,新客探索,知識內容,desktop,1,0,0,0,3.68,0.0,0.42,True
2025-11-08,義大開發,Email,新客探索,知識內容,mobile,1,0,0,0,1.01,0.0,0.42,True
2025-11-09,義大開發,YouTube,新客探索,知識內容,mobile,1,0,0,0,6.46,0.0,0.42,True
2025-11-10,義大開發,Meta,高意圖,知識內容,mobile,1,0,0,0,3.92,0.0,0.42,True
2025-11-11,義大開發,Google,高意圖,知識內容,desktop,1,0,0,0,7.51,0.0,0.42,True
2025-11-12,義大開發,LINE,高意圖,知識內容,desktop,1,0,0,0,2.97,0.0,0.42,True
2025-11-13,義大開發,Email,高意圖,知識內容,desktop,1,0,0,0,1.27,0.0,0.42,True
2025-11-14,義大開發,YouTube,高意圖,知識內容,mobile,1,0,0,0,4.5,0.0,0.42,True
2025-11-15,義大開發,Meta,既有會員,知識內容,mobile,1,0,0,0,4.24,0.0,0.42,True
2025-11-16,義大開發,Google,既有會員,知識內容,mobile,1,0,0,0,5.85,0.0,0.42,True
2025-11-17,義大開發,LINE,既有會員,知識內容,mobile,1,0,0,0,3.24,0.0,0.42,True
2025-11-18,義大開發,Email,既有會員,知識內容,mobile,1,0,0,0,1.1,0.0,0.42,True
2025-11-19,義大開發,YouTube,既有會員,知識內容,desktop,1,0,0,0,4.51,0.0,0.42,True
2025-11-20,義大開發,Meta,親子家庭,知識內容,mobile,1,0,0,0,5.19,0.0,0.42,True
2025-11-21,義大開發,Google,親子家庭,知識內容,mobile,1,0,0,0,8.54,0.0,0.42,True
2025-11-22,義大開發,LINE,親子家庭,知識內容,mobile,1,0,0,0,4.15,0.0,0.42,True
2025-11-23,義大開發,Email,親子家庭,知識內容,mobile,1,0,0,0,1.05,0.0,0.42,True
2025-11-24,義大開發,YouTube,親子家庭,知識內容,mobile,1,0,0,0,5.67,0.0,0.42,True
2025-11-25,義大開發,Meta,年輕族群,知識內容,desktop,1,0,0,0,4.29,0.0,0.42,True
2025-11-26,義大開發,Google,年輕族群,知識內容,mobile,1,0,0,0,7.17,0.0,0.42,True
2025-11-27,義大開發,LINE,年輕族群,知識內容,mobile,1,0,0,0,3.56,0.0,0.42,True
2025-11-28,義大開發,Email,年輕族群,知識內容,desktop,1,1,1,0,1.35,0.0,0.42,True
2025-11-29,義大開發,YouTube,年輕族群,知識內容,mobile,1,0,0,0,5.27,0.0,0.42,True
